Day + Time,TempC,Windspeed(km/h),Windir16Point,WeatherCode,Humidity (%),Visibility (km),Pressure (mb),Cloudcover (%)
2013-01-01 - 0,24,3,NNE,113,78,10,1011,20
2013-01-01 - 300,23,4,NNE,113,78,10,1010,22
2013-01-01 - 600,24,6,N,113,78,10,1011,21
2013-01-01 - 900,28,7,N,113,64,10,1012,16
2013-01-01 - 1200,32,3,NNW,113,52,10,1010,14
2013-01-01 - 1500,31,3,WNW,113,53,10,1009,23
2013-01-01 - 1800,27,5,SSW,116,70,10,1010,18
2013-01-02 - 0,24,3,ESE,113,82,10,1011,20
2013-01-02 - 300,23,3,E,113,84,10,1010,22
2013-01-02 - 600,24,4,NNE,113,78,10,1011,21
2013-01-02 - 900,30,3,NNE,113,59,10,1012,16
2013-01-02 - 1200,33,3,WNW,113,48,10,1010,14
2013-01-02 - 1500,32,3,SW,113,52,10,1009,23
2013-01-02 - 1800,27,1,SSE,113,70,10,1010,18
2013-01-03 - 0,25,3,W,113,77,10,1011,20
2013-01-03 - 300,24,2,WNW,113,80,10,1010,22
2013-01-03 - 600,25,4,NNE,116,74,10,1011,21
2013-01-03 - 900,29,5,ENE,116,62,10,1012,16
2013-01-03 - 1200,34,2,E,116,46,10,1010,14
2013-01-03 - 1500,32,4,NE,176,55,9,1009,23
2013-01-03 - 1800,27,1,WNW,113,70,10,1010,18
2013-01-04 - 0,25,2,N,116,81,10,1011,20
2013-01-04 - 300,24,3,NNW,116,80,10,1010,22
2013-01-04 - 600,24,7,NNE,116,82,10,1011,21
2013-01-04 - 900,28,4,NNW,116,67,10,1012,16
2013-01-04 - 1200,31,4,NNW,116,57,10,1010,14
2013-01-04 - 1500,31,4,NNW,176,57,9,1009,23
2013-01-04 - 1800,27,0,S,116,67,10,1010,18
2013-01-05 - 0,23,6,N,116,73,10,1011,20
2013-01-05 - 300,22,6,N,116,79,10,1010,22
2013-01-05 - 600,22,6,N,116,81,10,1011,21
2013-01-05 - 900,26,5,NNE,113,70,10,1012,16
2013-01-05 - 1200,29,3,NW,116,62,10,1010,14
2013-01-05 - 1500,28,3,NNW,116,64,10,1009,23
2013-01-05 - 1800,26,5,W,116,73,10,1010,18
2013-01-06 - 0,24,9,NNE,122,70,10,1011,20
2013-01-06 - 300,23,6,NNE,266,80,2,1010,22
2013-01-06 - 600,22,5,NNE,122,91,10,1011,21
2013-01-06 - 900,25,7,N,266,80,2,1012,16
2013-01-06 - 1200,25,7,NNW,119,81,10,1010,14
2013-01-06 - 1500,25,11,NNW,296,85,9,1009,23
2013-01-06 - 1800,24,10,NNE,116,93,10,1010,18
2013-01-07 - 0,23,8,NE,143,94,2,1011,20
2013-01-07 - 300,23,8,NNE,293,95,9,1010,22
2013-01-07 - 600,23,9,NNE,143,96,2,1011,21
2013-01-07 - 900,25,10,N,293,87,9,1012,16
2013-01-07 - 1200,27,9,N,119,77,10,1010,14
2013-01-07 - 1500,25,8,NNE,302,90,7,1009,23
2013-01-07 - 1800,24,9,N,116,94,10,1010,18
2013-01-08 - 0,23,4,NE,143,96,2,1011,20
2013-01-08 - 300,22,4,NE,143,95,2,1010,22
2013-01-08 - 600,23,7,NNW,116,93,10,1011,21
2013-01-08 - 900,26,9,N,116,78,10,1012,16
2013-01-08 - 1200,31,10,NNW,116,59,10,1010,14
2013-01-08 - 1500,29,10,N,353,67,10,1009,23
2013-01-08 - 1800,26,7,E,119,82,10,1010,18
2013-01-09 - 0,24,6,NW,119,86,10,1011,20
2013-01-09 - 300,23,4,NNW,116,91,10,1010,22
2013-01-09 - 600,25,4,NNE,116,86,10,1011,21
2013-01-09 - 900,29,4,ENE,116,70,10,1012,16
2013-01-09 - 1200,32,1,W,116,59,10,1010,14
2013-01-09 - 1500,30,4,SSW,353,63,10,1009,23
2013-01-09 - 1800,26,7,SSW,116,81,10,1010,18
2013-01-10 - 0,25,5,WSW,116,91,10,1011,20
2013-01-10 - 300,24,5,NW,353,92,10,1010,22
2013-01-10 - 600,23,5,N,116,91,10,1011,21
2013-01-10 - 900,28,5,NNE,116,72,10,1012,16
2013-01-10 - 1200,31,1,E,116,61,10,1010,14
2013-01-10 - 1500,29,10,SSE,176,67,9,1009,23
2013-01-10 - 1800,25,12,SSE,113,88,10,1010,18
2013-01-11 - 0,24,6,ESE,116,86,10,1011,20
2013-01-11 - 300,23,5,NNE,176,89,9,1010,22
2013-01-11 - 600,24,7,NE,113,89,10,1011,21
2013-01-11 - 900,28,6,N,116,70,10,1012,16
2013-01-11 - 1200,31,6,NNW,113,55,10,1010,14
2013-01-11 - 1500,31,1,N,113,52,10,1009,23
2013-01-11 - 1800,26,9,SSE,113,73,10,1010,18
2013-01-12 - 0,24,2,SE,113,87,10,1011,20
2013-01-12 - 300,23,2,NNW,113,89,10,1010,22
2013-01-12 - 600,23,6,NNW,113,84,10,1011,21
2013-01-12 - 900,28,7,NW,113,67,10,1012,16
2013-01-12 - 1200,31,5,NW,113,48,10,1010,14
2013-01-12 - 1500,31,3,WNW,113,45,10,1009,23
2013-01-12 - 1800,26,10,SSE,113,67,10,1010,18
2013-01-13 - 0,23,7,SSE,113,86,10,1011,20
2013-01-13 - 300,22,4,SSE,113,92,10,1010,22
2013-01-13 - 600,23,4,NNE,113,87,10,1011,21
2013-01-13 - 900,28,5,NNW,113,66,10,1012,16
2013-01-13 - 1200,32,6,N,113,47,10,1010,14
2013-01-13 - 1500,31,1,ESE,113,47,10,1009,23
2013-01-13 - 1800,25,14,SSE,113,72,10,1010,18
2013-01-14 - 0,22,8,SE,113,89,10,1011,20
2013-01-14 - 300,22,5,ESE,113,91,10,1010,22
2013-01-14 - 600,23,5,E,113,85,10,1011,21
2013-01-14 - 900,28,7,NE,113,63,10,1012,16
2013-01-14 - 1200,31,9,NNE,116,49,10,1010,14
2013-01-14 - 1500,31,5,NE,176,52,9,1009,23
2013-01-14 - 1800,25,6,SSE,116,76,10,1010,18
2013-01-15 - 0,23,7,SE,116,88,10,1011,20
2013-01-15 - 300,22,7,E,116,90,10,1010,22
2013-01-15 - 600,23,8,ENE,113,89,10,1011,21
2013-01-15 - 900,28,6,NNE,116,67,10,1012,16
2013-01-15 - 1200,31,9,N,116,50,10,1010,14
2013-01-15 - 1500,31,4,N,113,49,10,1009,23
2013-01-15 - 1800,26,9,SSE,116,72,10,1010,18
2013-01-16 - 0,23,4,SE,113,85,10,1011,20
2013-01-16 - 300,22,2,NNE,113,90,10,1010,22
2013-01-16 - 600,22,9,NNE,113,82,10,1011,21
2013-01-16 - 900,27,5,N,113,58,10,1012,16
2013-01-16 - 1200,31,6,NNE,113,40,10,1010,14
2013-01-16 - 1500,31,2,ENE,113,39,10,1009,23
2013-01-16 - 1800,25,13,SE,113,64,10,1010,18
2013-01-17 - 0,22,3,ENE,113,82,10,1011,20
2013-01-17 - 300,21,7,N,113,79,10,1010,22
2013-01-17 - 600,21,8,NNE,116,75,10,1011,21
2013-01-17 - 900,27,8,NNW,113,56,10,1012,16
2013-01-17 - 1200,31,8,NNW,113,42,10,1010,14
2013-01-17 - 1500,31,5,NNW,113,42,10,1009,23
2013-01-17 - 1800,26,4,S,116,63,10,1010,18
2013-01-18 - 0,23,6,N,116,74,10,1011,20
2013-01-18 - 300,22,10,N,116,72,10,1010,22
2013-01-18 - 600,21,13,NE,113,72,10,1011,21
2013-01-18 - 900,27,8,NE,113,55,10,1012,16
2013-01-18 - 1200,31,4,N,116,45,10,1010,14
2013-01-18 - 1500,31,0,NW,113,45,10,1009,23
2013-01-18 - 1800,25,4,ESE,113,67,10,1010,18
2013-01-19 - 0,22,7,NNE,113,74,10,1011,20
2013-01-19 - 300,21,8,N,116,75,10,1010,22
2013-01-19 - 600,21,8,NNE,113,76,10,1011,21
2013-01-19 - 900,27,5,N,113,59,10,1012,16
2013-01-19 - 1200,31,6,NW,113,48,10,1010,14
2013-01-19 - 1500,30,4,WNW,113,47,10,1009,23
2013-01-19 - 1800,26,7,SSW,113,60,10,1010,18
2013-01-20 - 0,23,3,SE,113,81,10,1011,20
2013-01-20 - 300,22,1,NNE,113,83,10,1010,22
2013-01-20 - 600,24,4,N,116,76,10,1011,21
2013-01-20 - 900,30,3,NNE,116,55,10,1012,16
2013-01-20 - 1200,33,5,SSE,116,44,10,1010,14
2013-01-20 - 1500,32,9,SSE,116,47,10,1009,23
2013-01-20 - 1800,27,10,SSE,116,64,10,1010,18
2013-01-21 - 0,24,9,ESE,116,77,10,1011,20
2013-01-21 - 300,24,7,E,113,77,10,1010,22
2013-01-21 - 600,24,6,NNE,113,74,10,1011,21
2013-01-21 - 900,30,6,N,113,55,10,1012,16
2013-01-21 - 1200,33,1,E,116,44,10,1010,14
2013-01-21 - 1500,32,6,SSE,113,47,10,1009,23
2013-01-21 - 1800,27,11,SE,113,66,10,1010,18
2013-01-22 - 0,24,13,ESE,116,78,10,1011,20
2013-01-22 - 300,24,10,E,119,79,10,1010,22
2013-01-22 - 600,24,8,ENE,122,77,10,1011,21
2013-01-22 - 900,30,8,NE,113,56,10,1012,16
2013-01-22 - 1200,33,4,N,116,47,10,1010,14
2013-01-22 - 1500,32,9,SE,356,53,7,1009,23
2013-01-22 - 1800,26,12,SSE,113,72,10,1010,18
2013-01-23 - 0,24,9,SE,113,81,10,1011,20
2013-01-23 - 300,23,6,ESE,113,84,10,1010,22
2013-01-23 - 600,24,5,ENE,113,82,10,1011,21
2013-01-23 - 900,29,4,NE,116,64,10,1012,16
2013-01-23 - 1200,32,1,ESE,119,52,10,1010,14
2013-01-23 - 1500,31,10,SSE,176,54,9,1009,23
2013-01-23 - 1800,26,14,SSE,113,70,10,1010,18
2013-01-24 - 0,23,8,SE,113,83,10,1011,20
2013-01-24 - 300,22,6,E,113,87,10,1010,22
2013-01-24 - 600,23,8,ENE,113,85,10,1011,21
2013-01-24 - 900,28,4,NE,113,63,10,1012,16
2013-01-24 - 1200,32,3,N,116,50,10,1010,14
2013-01-24 - 1500,31,6,SSE,116,51,10,1009,23
2013-01-24 - 1800,26,13,SSE,113,69,10,1010,18
2013-01-25 - 0,23,10,SE,116,79,10,1011,20
2013-01-25 - 300,23,9,ESE,113,84,10,1010,22
2013-01-25 - 600,23,9,ENE,113,83,10,1011,21
2013-01-25 - 900,28,8,NNE,116,63,10,1012,16
2013-01-25 - 1200,32,4,NNW,116,48,10,1010,14
2013-01-25 - 1500,32,6,SSE,119,48,10,1009,23
2013-01-25 - 1800,26,15,SSE,113,71,10,1010,18
2013-01-26 - 0,23,10,ESE,116,84,10,1011,20
2013-01-26 - 300,23,8,E,113,86,10,1010,22
2013-01-26 - 600,23,9,NE,113,83,10,1011,21
2013-01-26 - 900,28,6,NE,113,62,10,1012,16
2013-01-26 - 1200,33,3,E,116,46,10,1010,14
2013-01-26 - 1500,31,10,SSE,113,47,10,1009,23
2013-01-26 - 1800,26,16,SSE,113,65,10,1010,18
2013-01-27 - 0,23,11,SE,113,79,10,1011,20
2013-01-27 - 300,22,9,ESE,113,83,10,1010,22
2013-01-27 - 600,23,7,ENE,113,80,10,1011,21
2013-01-27 - 900,28,6,NE,113,59,10,1012,16
2013-01-27 - 1200,32,1,E,113,45,10,1010,14
2013-01-27 - 1500,31,10,SSE,116,46,10,1009,23
2013-01-27 - 1800,26,12,SSE,113,67,10,1010,18
2013-02-01 - 0,24,8,ESE,116,77,10,1012,13
2013-02-01 - 300,23,5,E,116,80,10,1010,7
2013-02-01 - 600,24,6,E,113,77,10,1011,12
2013-02-01 - 900,30,6,N,113,55,10,1011,9
2013-02-01 - 1200,34,5,N,113,42,10,1010,44
2013-02-01 - 1500,33,5,SE,116,42,10,1008,80
2013-02-01 - 1800,27,15,SE,113,58,10,1010,26
2013-02-02 - 0,24,8,ESE,113,66,10,1012,13
2013-02-02 - 300,24,4,NE,116,68,10,1010,7
2013-02-02 - 600,24,6,ENE,113,67,10,1011,12
2013-02-02 - 900,30,3,N,116,50,10,1011,9
2013-02-02 - 1200,35,2,ENE,113,37,10,1010,44
2013-02-02 - 1500,33,8,SE,116,41,10,1008,80
2013-02-02 - 1800,28,8,SE,113,56,10,1010,26
2013-02-03 - 0,25,12,ESE,113,66,10,1012,13
2013-02-03 - 300,24,13,E,113,69,10,1010,7
2013-02-03 - 600,24,14,E,113,69,10,1011,12
2013-02-03 - 900,31,14,ENE,113,46,10,1011,9
2013-02-03 - 1200,36,12,E,116,36,10,1010,44
2013-02-03 - 1500,33,8,ESE,119,43,10,1008,80
2013-02-03 - 1800,29,12,ESE,116,57,10,1010,26
2013-02-04 - 0,26,10,ESE,113,64,10,1012,13
2013-02-04 - 300,25,9,ESE,113,70,10,1010,7
2013-02-04 - 600,25,10,ENE,113,71,10,1011,12
2013-02-04 - 900,32,16,ENE,113,47,10,1011,9
2013-02-04 - 1200,35,12,E,113,37,10,1010,44
2013-02-04 - 1500,34,11,SE,113,42,10,1008,80
2013-02-04 - 1800,29,15,SE,116,61,10,1010,26
2013-02-05 - 0,25,13,ESE,116,74,10,1012,13
2013-02-05 - 300,24,11,E,116,77,10,1010,7
2013-02-05 - 600,25,10,E,113,75,10,1011,12
2013-02-05 - 900,31,6,ENE,113,49,10,1011,9
2013-02-05 - 1200,35,1,NNW,113,39,10,1010,44
2013-02-05 - 1500,34,6,S,116,43,10,1008,80
2013-02-05 - 1800,28,16,SE,116,65,10,1010,26
2013-02-06 - 0,25,12,ESE,116,80,10,1012,13
2013-02-06 - 300,24,5,E,116,83,10,1010,7
2013-02-06 - 600,25,9,E,113,79,10,1011,12
2013-02-06 - 900,31,5,NE,113,56,10,1011,9
2013-02-06 - 1200,34,3,NNE,113,44,10,1010,44
2013-02-06 - 1500,33,5,SSE,116,45,10,1008,80
2013-02-06 - 1800,28,14,SSE,113,65,10,1010,26
2013-02-07 - 0,24,12,SE,113,81,10,1012,13
2013-02-07 - 300,24,7,SE,113,86,10,1010,7
2013-02-07 - 600,24,5,SE,113,84,10,1011,12
2013-02-07 - 900,30,2,ESE,113,59,10,1011,9
2013-02-07 - 1200,35,1,SSW,113,43,10,1010,44
2013-02-07 - 1500,34,5,S,116,45,10,1008,80
2013-02-07 - 1800,27,13,SSE,113,69,10,1010,26
2013-02-08 - 0,24,10,SE,113,84,10,1012,13
2013-02-08 - 300,24,9,SSE,116,88,10,1010,7
2013-02-08 - 600,24,6,SE,116,87,10,1011,12
2013-02-08 - 900,31,5,SE,113,61,10,1011,9
2013-02-08 - 1200,35,5,SE,116,44,10,1010,44
2013-02-08 - 1500,33,14,SE,176,51,9,1008,80
2013-02-08 - 1800,26,15,SE,113,76,10,1010,26
2013-02-09 - 0,24,13,SE,113,82,10,1012,13
2013-02-09 - 300,23,10,ESE,113,84,10,1010,7
2013-02-09 - 600,24,12,E,113,81,10,1011,12
2013-02-09 - 900,29,10,NE,113,56,10,1011,9
2013-02-09 - 1200,34,5,NE,113,44,10,1010,44
2013-02-09 - 1500,34,7,SSE,116,42,10,1008,80
2013-02-09 - 1800,28,15,SSE,113,60,10,1010,26
2013-02-10 - 0,25,6,E,113,74,10,1012,13
2013-02-10 - 300,24,6,NE,113,71,10,1010,7
2013-02-10 - 600,24,6,NE,113,69,10,1011,12
2013-02-10 - 900,30,3,SE,113,50,10,1011,9
2013-02-10 - 1200,33,4,SSE,113,42,10,1010,44
2013-02-10 - 1500,33,8,S,113,42,10,1008,80
2013-02-10 - 1800,27,14,SSE,113,61,10,1010,26
2013-02-11 - 0,24,7,ESE,113,73,10,1012,13
2013-02-11 - 300,23,6,ENE,113,74,10,1010,7
2013-02-11 - 600,24,8,NNE,113,68,10,1011,12
2013-02-11 - 900,30,6,N,113,48,10,1011,9
2013-02-11 - 1200,34,1,NE,116,38,10,1010,44
2013-02-11 - 1500,33,6,SSE,116,41,10,1008,80
2013-02-11 - 1800,28,10,SSE,116,59,10,1010,26
2013-02-12 - 0,25,9,ESE,113,77,10,1012,13
2013-02-12 - 300,24,7,E,113,78,10,1010,7
2013-02-12 - 600,25,9,ENE,113,74,10,1011,12
2013-02-12 - 900,31,6,NE,113,50,10,1011,9
2013-02-12 - 1200,36,2,ENE,113,36,10,1010,44
2013-02-12 - 1500,34,13,SSE,113,39,10,1008,80
2013-02-12 - 1800,27,14,SSE,113,60,10,1010,26
2013-02-13 - 0,24,6,E,113,71,10,1012,13
2013-02-13 - 300,24,10,NNE,113,68,10,1010,7
2013-02-13 - 600,24,10,NNE,113,68,10,1011,12
2013-02-13 - 900,31,5,NE,113,45,10,1011,9
2013-02-13 - 1200,36,6,ENE,113,34,10,1010,44
2013-02-13 - 1500,35,7,SE,113,36,10,1008,80
2013-02-13 - 1800,30,9,SSE,113,53,10,1010,26
2013-02-14 - 0,26,7,ESE,116,69,10,1012,13
2013-02-14 - 300,25,5,ENE,116,71,10,1010,7
2013-02-14 - 600,26,5,NE,116,70,10,1011,12
2013-02-14 - 900,32,5,NNE,116,48,10,1011,9
2013-02-14 - 1200,36,4,ESE,116,37,10,1010,44
2013-02-14 - 1500,35,8,SE,116,40,10,1008,80
2013-02-14 - 1800,28,17,SE,113,65,10,1010,26
2013-02-15 - 0,25,11,ESE,113,75,10,1012,13
2013-02-15 - 300,24,8,ENE,113,77,10,1010,7
2013-02-15 - 600,25,9,ENE,113,73,10,1011,12
2013-02-15 - 900,31,6,NE,113,50,10,1011,9
2013-02-15 - 1200,36,4,ESE,113,37,10,1010,44
2013-02-15 - 1500,35,14,SSE,113,38,10,1008,80
2013-02-15 - 1800,28,14,SE,113,59,10,1010,26
2013-02-16 - 0,25,11,ESE,113,71,10,1012,13
2013-02-16 - 300,24,11,NE,113,72,10,1010,7
2013-02-16 - 600,25,10,NE,113,68,10,1011,12
2013-02-16 - 900,31,8,NNE,113,47,10,1011,9
2013-02-16 - 1200,36,4,E,113,32,10,1010,44
2013-02-16 - 1500,35,8,SSE,113,34,10,1008,80
2013-02-16 - 1800,29,12,SSE,113,57,10,1010,26
2013-02-17 - 0,26,9,E,113,68,10,1012,13
2013-02-17 - 300,24,8,E,113,70,10,1010,7
2013-02-17 - 600,25,5,ENE,113,69,10,1011,12
2013-02-17 - 900,31,6,ENE,113,46,10,1011,9
2013-02-17 - 1200,36,5,ESE,113,30,10,1010,44
2013-02-17 - 1500,34,13,SE,113,32,10,1008,80
2013-02-17 - 1800,28,14,SE,113,54,10,1010,26
2013-02-18 - 0,23,12,SE,113,71,10,1012,13
2013-02-18 - 300,22,11,E,113,71,10,1010,7
2013-02-18 - 600,22,13,E,113,67,10,1011,12
2013-02-18 - 900,31,10,ENE,113,39,10,1011,9
2013-02-18 - 1200,36,7,ENE,113,28,10,1010,44
2013-02-18 - 1500,34,8,SSE,113,31,10,1008,80
2013-02-18 - 1800,27,15,SSE,113,60,10,1010,26
2013-02-19 - 0,24,11,SE,113,80,10,1012,13
2013-02-19 - 300,23,9,ESE,113,82,10,1010,7
2013-02-19 - 600,23,14,ENE,113,74,10,1011,12
2013-02-19 - 900,31,10,ENE,113,45,10,1011,9
2013-02-19 - 1200,36,5,ENE,113,33,10,1010,44
2013-02-19 - 1500,34,9,SSE,113,34,10,1008,80
2013-02-19 - 1800,28,15,SSE,113,58,10,1010,26
2013-02-20 - 0,24,10,SE,113,78,10,1012,13
2013-02-20 - 300,23,5,SE,116,80,10,1010,7
2013-02-20 - 600,24,7,E,116,75,10,1011,12
2013-02-20 - 900,29,6,NNE,113,53,10,1011,9
2013-02-20 - 1200,34,6,NNE,113,38,10,1010,44
2013-02-20 - 1500,34,5,SSE,113,34,10,1008,80
2013-02-20 - 1800,28,12,SSE,113,56,10,1010,26
2013-02-21 - 0,24,4,E,113,75,10,1012,13
2013-02-21 - 300,23,7,N,116,73,10,1010,7
2013-02-21 - 600,23,8,NNE,113,69,10,1011,12
2013-02-21 - 900,30,3,NNE,113,46,10,1011,9
2013-02-21 - 1200,35,3,NW,116,31,10,1010,44
2013-02-21 - 1500,34,3,W,116,31,10,1008,80
2013-02-21 - 1800,28,8,SE,116,55,10,1010,26
2013-02-22 - 0,25,2,W,116,66,10,1012,13
2013-02-22 - 300,25,2,WNW,116,65,10,1010,7
2013-02-22 - 600,24,10,NE,119,71,10,1011,12
2013-02-22 - 900,24,8,NE,299,81,8,1011,9
2013-02-22 - 1200,25,8,N,119,77,10,1010,44
2013-02-22 - 1500,25,10,NNW,296,80,9,1008,80
2013-02-22 - 1800,24,9,N,116,82,10,1010,26
2013-02-23 - 0,23,10,NNE,116,86,10,1012,13
2013-02-23 - 300,22,8,N,116,86,10,1010,7
2013-02-23 - 600,23,9,N,113,81,10,1011,12
2013-02-23 - 900,28,8,N,116,63,10,1011,9
2013-02-23 - 1200,32,4,NNE,119,48,10,1010,44
2013-02-23 - 1500,31,9,NNE,353,52,10,1008,80
2013-02-23 - 1800,27,10,NNE,116,65,10,1010,26
2013-02-24 - 0,25,10,NNE,119,77,10,1012,13
2013-02-24 - 300,25,9,NNE,116,76,10,1010,7
2013-02-24 - 600,25,8,NE,116,75,10,1011,12
2013-02-24 - 900,31,9,NE,116,55,10,1011,9
2013-02-24 - 1200,35,4,NE,116,43,10,1010,44
2013-02-24 - 1500,33,4,E,176,47,9,1008,80
2013-02-24 - 1800,29,11,SE,116,66,10,1010,26
2013-02-25 - 0,26,9,E,113,76,10,1012,13
2013-02-25 - 300,24,8,ENE,113,80,10,1010,7
2013-02-25 - 600,25,8,NE,113,78,10,1011,12
2013-02-25 - 900,31,8,ENE,113,50,10,1011,9
2013-02-25 - 1200,36,10,E,113,36,10,1010,44
2013-02-25 - 1500,35,15,SE,113,38,10,1008,80
2013-02-25 - 1800,29,15,SE,113,59,10,1010,26
2013-02-26 - 0,26,12,E,113,67,10,1012,13
2013-02-26 - 300,25,9,E,113,69,10,1010,7
2013-02-26 - 600,26,10,ENE,113,66,10,1011,12
2013-02-26 - 900,32,10,NE,113,44,10,1011,9
2013-02-26 - 1200,36,10,E,116,35,10,1010,44
2013-02-26 - 1500,35,17,SE,116,38,10,1008,80
2013-02-26 - 1800,29,18,SE,116,60,10,1010,26
2013-02-27 - 0,26,15,ESE,113,68,10,1012,13
2013-02-27 - 300,25,13,E,113,70,10,1010,7
2013-02-27 - 600,26,13,E,113,69,10,1011,12
2013-02-27 - 900,33,14,E,113,44,10,1011,9
2013-02-27 - 1200,37,14,ESE,113,34,10,1010,44
2013-02-27 - 1500,35,21,SE,113,38,10,1008,80
2013-02-27 - 1800,28,18,SE,113,66,10,1010,26
2013-03-01 - 0,25,12,SE,113,82,10,1013,15
2013-03-01 - 300,24,10,SE,113,85,10,1012,11
2013-03-01 - 600,25,14,ESE,113,80,10,1014,6
2013-03-01 - 900,32,14,ESE,113,52,10,1014,8
2013-03-01 - 1200,36,11,ESE,116,38,10,1012,26
2013-03-01 - 1500,34,15,SSE,113,45,10,1009,46
2013-03-01 - 1800,28,14,SE,113,69,10,1012,44
2013-03-02 - 0,25,12,ESE,113,82,10,1013,15
2013-03-02 - 300,24,10,ESE,113,84,10,1012,11
2013-03-02 - 600,25,13,ESE,113,80,10,1014,6
2013-03-02 - 900,32,12,ESE,113,49,10,1014,8
2013-03-02 - 1200,37,15,ESE,113,32,10,1012,26
2013-03-02 - 1500,35,22,SE,113,37,10,1009,46
2013-03-02 - 1800,28,15,SSE,113,68,10,1012,44
2013-03-03 - 0,25,13,SE,116,83,10,1013,15
2013-03-03 - 300,24,10,E,113,83,10,1012,11
2013-03-03 - 600,25,9,ENE,113,78,10,1014,6
2013-03-03 - 900,32,8,NE,113,50,10,1014,8
2013-03-03 - 1200,37,5,E,113,32,10,1012,26
2013-03-03 - 1500,35,13,SSE,113,37,10,1009,46
2013-03-03 - 1800,28,14,SSE,113,62,10,1012,44
2013-03-04 - 0,26,7,ENE,113,75,10,1013,15
2013-03-04 - 300,25,5,NE,176,78,9,1012,11
2013-03-04 - 600,25,8,ENE,113,73,10,1014,6
2013-03-04 - 900,32,5,E,113,48,10,1014,8
2013-03-04 - 1200,35,3,SSE,116,37,10,1012,26
2013-03-04 - 1500,34,2,SSE,116,40,10,1009,46
2013-03-04 - 1800,30,10,ESE,116,55,10,1012,44
2013-03-05 - 0,25,5,ENE,113,69,10,1013,15
2013-03-05 - 300,24,6,NNE,113,70,10,1012,11
2013-03-05 - 600,24,8,NE,113,69,10,1014,6
2013-03-05 - 900,31,4,NE,113,49,10,1014,8
2013-03-05 - 1200,35,2,SSE,113,35,10,1012,26
2013-03-05 - 1500,34,11,SSE,113,36,10,1009,46
2013-03-05 - 1800,28,13,SSE,113,57,10,1012,44
2013-03-06 - 0,26,5,ENE,113,68,10,1013,15
2013-03-06 - 300,25,6,N,113,68,10,1012,11
2013-03-06 - 600,25,6,N,113,65,10,1014,6
2013-03-06 - 900,32,2,NW,113,45,10,1014,8
2013-03-06 - 1200,35,5,SSW,113,34,10,1012,26
2013-03-06 - 1500,34,11,SSE,113,34,10,1009,46
2013-03-06 - 1800,28,15,SSE,113,56,10,1012,44
2013-03-07 - 0,26,10,ESE,116,73,10,1013,15
2013-03-07 - 300,25,5,ENE,113,74,10,1012,11
2013-03-07 - 600,26,6,NNE,113,69,10,1014,6
2013-03-07 - 900,31,10,N,113,49,10,1014,8
2013-03-07 - 1200,36,3,NNW,116,35,10,1012,26
2013-03-07 - 1500,35,10,SE,113,37,10,1009,46
2013-03-07 - 1800,29,15,SE,113,60,10,1012,44
2013-03-08 - 0,26,5,ESE,113,71,10,1013,15
2013-03-08 - 300,25,5,NE,113,73,10,1012,11
2013-03-08 - 600,26,5,NE,113,68,10,1014,6
2013-03-08 - 900,31,5,N,113,51,10,1014,8
2013-03-08 - 1200,36,2,N,116,34,10,1012,26
2013-03-08 - 1500,35,7,SSE,113,34,10,1009,46
2013-03-08 - 1800,28,16,SSE,113,56,10,1012,44
2013-03-09 - 0,25,11,SE,113,72,10,1013,15
2013-03-09 - 300,24,7,SE,113,76,10,1012,11
2013-03-09 - 600,25,12,ESE,113,72,10,1014,6
2013-03-09 - 900,31,7,E,113,47,10,1014,8
2013-03-09 - 1200,35,2,SSE,113,36,10,1012,26
2013-03-09 - 1500,34,10,SSE,113,39,10,1009,46
2013-03-09 - 1800,28,16,SSE,113,64,10,1012,44
2013-03-10 - 0,25,10,SE,116,76,10,1013,15
2013-03-10 - 300,24,9,SE,113,81,10,1012,11
2013-03-10 - 600,25,9,ESE,113,79,10,1014,6
2013-03-10 - 900,31,9,SE,113,53,10,1014,8
2013-03-10 - 1200,35,9,SSE,116,39,10,1012,26
2013-03-10 - 1500,33,16,SSE,116,43,10,1009,46
2013-03-10 - 1800,27,16,SSE,113,67,10,1012,44
2013-03-11 - 0,25,10,SSE,116,79,10,1013,15
2013-03-11 - 300,24,8,SE,116,84,10,1012,11
2013-03-11 - 600,25,11,SE,116,80,10,1014,6
2013-03-11 - 900,31,10,ESE,113,53,10,1014,8
2013-03-11 - 1200,36,8,SE,113,38,10,1012,26
2013-03-11 - 1500,34,16,SSE,116,42,10,1009,46
2013-03-11 - 1800,27,19,SSE,113,66,10,1012,44
2013-03-12 - 0,25,11,SSE,116,79,10,1013,15
2013-03-12 - 300,24,8,SE,116,82,10,1012,11
2013-03-12 - 600,25,9,SE,116,76,10,1014,6
2013-03-12 - 900,31,12,SE,116,52,10,1014,8
2013-03-12 - 1200,35,11,SE,113,40,10,1012,26
2013-03-12 - 1500,34,15,SSE,113,41,10,1009,46
2013-03-12 - 1800,27,15,SSE,113,63,10,1012,44
2013-03-13 - 0,25,11,SSE,119,83,10,1013,15
2013-03-13 - 300,25,6,S,119,86,10,1012,11
2013-03-13 - 600,26,4,ESE,116,83,10,1014,6
2013-03-13 - 900,32,5,ESE,113,52,10,1014,8
2013-03-13 - 1200,36,4,SSE,119,38,10,1012,26
2013-03-13 - 1500,34,13,SSE,116,44,10,1009,46
2013-03-13 - 1800,28,13,SSE,113,66,10,1012,44
2013-03-14 - 0,25,7,SE,113,85,10,1013,15
2013-03-14 - 300,24,7,ESE,116,89,10,1012,11
2013-03-14 - 600,26,9,ESE,116,85,10,1014,6
2013-03-14 - 900,32,10,E,113,53,10,1014,8
2013-03-14 - 1200,36,10,ESE,116,38,10,1012,26
2013-03-14 - 1500,34,17,SSE,116,43,10,1009,46
2013-03-14 - 1800,28,18,SSE,113,67,10,1012,44
2013-03-15 - 0,26,11,SE,113,84,10,1013,15
2013-03-15 - 300,25,8,E,113,85,10,1012,11
2013-03-15 - 600,26,11,E,113,77,10,1014,6
2013-03-15 - 900,33,10,ENE,116,49,10,1014,8
2013-03-15 - 1200,36,4,ESE,119,39,10,1012,26
2013-03-15 - 1500,32,14,SSE,353,50,10,1009,46
2013-03-15 - 1800,28,13,SE,116,69,10,1012,44
2013-03-16 - 0,26,10,SE,116,77,10,1013,15
2013-03-16 - 300,25,9,ESE,113,77,10,1012,11
2013-03-16 - 600,26,8,ENE,113,71,10,1014,6
2013-03-16 - 900,32,6,ENE,113,52,10,1014,8
2013-03-16 - 1200,37,4,ESE,113,37,10,1012,26
2013-03-16 - 1500,35,10,SSE,116,39,10,1009,46
2013-03-16 - 1800,29,17,SSE,116,62,10,1012,44
2013-03-17 - 0,26,12,SE,113,76,10,1013,15
2013-03-17 - 300,26,8,SE,116,80,10,1012,11
2013-03-17 - 600,26,9,ESE,113,76,10,1014,6
2013-03-17 - 900,33,7,E,113,51,10,1014,8
2013-03-17 - 1200,36,3,ESE,116,40,10,1012,26
2013-03-17 - 1500,33,17,SSE,353,49,10,1009,46
2013-03-17 - 1800,28,16,SSE,113,70,10,1012,44
2013-03-18 - 0,26,10,SSE,113,82,10,1013,15
2013-03-18 - 300,25,8,SSE,116,85,10,1012,11
2013-03-18 - 600,26,8,SSE,119,81,10,1014,6
2013-03-18 - 900,32,9,SE,113,56,10,1014,8
2013-03-18 - 1200,36,8,SSE,113,42,10,1012,26
2013-03-18 - 1500,34,10,SSE,176,45,9,1009,46
2013-03-18 - 1800,29,15,SSE,116,66,10,1012,44
2013-03-19 - 0,26,11,SSE,116,81,10,1013,15
2013-03-19 - 300,25,6,SSE,119,85,10,1012,11
2013-03-19 - 600,26,6,SE,116,82,10,1014,6
2013-03-19 - 900,30,9,SE,116,65,10,1014,8
2013-03-19 - 1200,35,12,SSE,113,44,10,1012,26
2013-03-19 - 1500,34,19,SSE,113,44,10,1009,46
2013-03-19 - 1800,28,17,SE,113,63,10,1012,44
2013-03-20 - 0,25,9,SSE,113,78,10,1013,15
2013-03-20 - 300,24,6,S,113,85,10,1012,11
2013-03-20 - 600,26,8,SSE,113,80,10,1014,6
2013-03-20 - 900,31,10,SSE,113,52,10,1014,8
2013-03-20 - 1200,36,10,SSE,116,37,10,1012,26
2013-03-20 - 1500,35,17,SSE,116,39,10,1009,46
2013-03-20 - 1800,28,15,SSE,113,63,10,1012,44
2013-03-21 - 0,25,8,SSE,113,86,10,1013,15
2013-03-21 - 300,24,6,SSE,116,92,10,1012,11
2013-03-21 - 600,26,5,SSE,116,86,10,1014,6
2013-03-21 - 900,33,6,SE,113,51,10,1014,8
2013-03-21 - 1200,37,9,SE,116,37,10,1012,26
2013-03-21 - 1500,35,17,SSE,113,39,10,1009,46
2013-03-21 - 1800,28,17,SSE,113,61,10,1012,44
2013-03-22 - 0,26,12,SSE,116,82,10,1013,15
2013-03-22 - 300,25,10,SE,116,86,10,1012,11
2013-03-22 - 600,26,13,ESE,116,81,10,1014,6
2013-03-22 - 900,32,12,ESE,113,49,10,1014,8
2013-03-22 - 1200,37,10,SE,116,36,10,1012,26
2013-03-22 - 1500,34,16,SSE,116,41,10,1009,46
2013-03-22 - 1800,29,17,SSE,116,61,10,1012,44
2013-03-23 - 0,26,10,SE,116,80,10,1013,15
2013-03-23 - 300,25,7,SE,113,85,10,1012,11
2013-03-23 - 600,27,9,ESE,116,81,10,1014,6
2013-03-23 - 900,33,5,ESE,113,52,10,1014,8
2013-03-23 - 1200,37,3,SSE,119,39,10,1012,26
2013-03-23 - 1500,34,14,SSE,353,45,10,1009,46
2013-03-23 - 1800,29,17,SE,113,61,10,1012,44
2013-03-24 - 0,27,9,SSE,116,75,10,1013,15
2013-03-24 - 300,26,6,SSE,116,80,10,1012,11
2013-03-24 - 600,27,4,SE,116,77,10,1014,6
2013-03-24 - 900,33,5,SE,116,52,10,1014,8
2013-03-24 - 1200,37,5,SSE,119,40,10,1012,26
2013-03-24 - 1500,34,14,SE,356,50,7,1009,46
2013-03-24 - 1800,29,14,SSE,116,70,10,1012,44
2013-03-25 - 0,27,9,SSE,113,82,10,1013,15
2013-03-25 - 300,26,8,SSE,176,83,9,1012,11
2013-03-25 - 600,27,6,S,113,79,10,1014,6
2013-03-25 - 900,34,4,S,116,52,10,1014,8
2013-03-25 - 1200,37,6,S,200,41,9,1012,26
2013-03-25 - 1500,35,13,SSE,353,45,10,1009,46
2013-03-25 - 1800,30,14,SSE,200,70,9,1012,44
2013-03-26 - 0,27,10,SSE,116,80,10,1013,15
2013-03-26 - 300,26,10,SSE,116,82,10,1012,11
2013-03-26 - 600,28,10,SSE,116,78,10,1014,6
2013-03-26 - 900,32,12,SE,116,57,10,1014,8
2013-03-26 - 1200,36,14,SE,116,44,10,1012,26
2013-03-26 - 1500,34,12,SSE,176,48,9,1009,46
2013-03-26 - 1800,29,15,SSE,116,64,10,1012,44
2013-03-27 - 0,26,9,SE,113,80,10,1013,15
2013-03-27 - 300,26,6,SE,113,85,10,1012,11
2013-03-27 - 600,27,5,SSE,113,81,10,1014,6
2013-03-27 - 900,32,9,SSE,116,55,10,1014,8
2013-03-27 - 1200,36,11,SSE,119,43,10,1012,26
2013-03-27 - 1500,34,16,SE,353,48,10,1009,46
2013-03-27 - 1800,29,13,SSE,113,67,10,1012,44
2013-04-01 - 0,27,13,SE,116,79,10,1007,22
2013-04-01 - 300,27,9,ESE,116,83,10,1006,37
2013-04-01 - 600,28,10,ESE,116,77,10,1007,52
2013-04-01 - 900,34,10,ESE,113,50,10,1008,33
2013-04-01 - 1200,37,11,SE,116,37,10,1006,22
2013-04-01 - 1500,35,16,SSE,116,43,10,1004,25
2013-04-01 - 1800,30,14,SE,116,65,10,1004,59
2013-04-02 - 0,28,12,SE,113,77,10,1007,22
2013-04-02 - 300,27,9,ESE,116,80,10,1006,37
2013-04-02 - 600,28,8,E,113,75,10,1007,52
2013-04-02 - 900,34,9,ENE,113,49,10,1008,33
2013-04-02 - 1200,38,7,ESE,116,38,10,1006,22
2013-04-02 - 1500,35,14,SSE,116,46,10,1004,25
2013-04-02 - 1800,29,15,SE,116,72,10,1004,59
2013-04-03 - 0,28,14,SE,116,81,10,1007,22
2013-04-03 - 300,27,9,ESE,116,83,10,1006,37
2013-04-03 - 600,28,10,ESE,113,78,10,1007,52
2013-04-03 - 900,34,6,ESE,113,52,10,1008,33
2013-04-03 - 1200,35,10,ESE,113,48,10,1006,22
2013-04-03 - 1500,34,12,SSE,356,53,7,1004,25
2013-04-03 - 1800,30,13,SSE,116,70,10,1004,59
2013-04-04 - 0,27,9,SSE,116,80,10,1007,22
2013-04-04 - 300,27,6,SE,113,83,10,1006,37
2013-04-04 - 600,28,7,SE,113,77,10,1007,52
2013-04-04 - 900,33,9,SE,113,55,10,1008,33
2013-04-04 - 1200,35,11,S,116,49,10,1006,22
2013-04-04 - 1500,33,15,SSE,356,57,7,1004,25
2013-04-04 - 1800,30,14,S,116,72,10,1004,59
2013-04-05 - 0,28,11,SSE,113,83,10,1007,22
2013-04-05 - 300,27,8,SSE,176,87,9,1006,37
2013-04-05 - 600,28,8,SSW,116,82,10,1007,52
2013-04-05 - 900,33,9,SSW,176,58,9,1008,33
2013-04-05 - 1200,35,11,SSW,113,51,10,1006,22
2013-04-05 - 1500,34,12,S,356,52,7,1004,25
2013-04-05 - 1800,31,13,S,116,65,10,1004,59
2013-04-06 - 0,28,8,S,113,80,10,1007,22
2013-04-06 - 300,28,6,SSW,113,83,10,1006,37
2013-04-06 - 600,29,9,SW,113,76,10,1007,52
2013-04-06 - 900,34,9,WSW,113,54,10,1008,33
2013-04-06 - 1200,37,10,WSW,116,42,10,1006,22
2013-04-06 - 1500,36,8,S,353,44,10,1004,25
2013-04-06 - 1800,31,12,S,116,64,10,1004,59
2013-04-07 - 0,28,9,SSW,113,80,10,1007,22
2013-04-07 - 300,27,7,SW,113,83,10,1006,37
2013-04-07 - 600,29,3,WSW,113,78,10,1007,52
2013-04-07 - 900,34,4,ESE,113,55,10,1008,33
2013-04-07 - 1200,35,7,ESE,116,49,10,1006,22
2013-04-07 - 1500,33,14,SE,356,56,7,1004,25
2013-04-07 - 1800,29,14,SE,113,76,10,1004,59
2013-04-08 - 0,28,13,SSE,113,83,10,1007,22
2013-04-08 - 300,27,9,SE,116,84,10,1006,37
2013-04-08 - 600,28,10,ESE,116,79,10,1007,52
2013-04-08 - 900,33,12,ESE,116,56,10,1008,33
2013-04-08 - 1200,35,13,SE,113,47,10,1006,22
2013-04-08 - 1500,33,14,SE,356,53,7,1004,25
2013-04-08 - 1800,29,11,SSE,116,71,10,1004,59
2013-04-09 - 0,27,7,SSE,113,82,10,1007,22
2013-04-09 - 300,27,5,SE,113,85,10,1006,37
2013-04-09 - 600,28,6,ESE,116,81,10,1007,52
2013-04-09 - 900,32,9,ESE,116,60,10,1008,33
2013-04-09 - 1200,33,12,SE,116,56,10,1006,22
2013-04-09 - 1500,32,12,SE,176,57,9,1004,25
2013-04-09 - 1800,29,10,SE,116,70,10,1004,59
2013-04-10 - 0,28,8,ESE,116,82,10,1007,22
2013-04-10 - 300,27,6,ENE,116,83,10,1006,37
2013-04-10 - 600,28,12,E,116,75,10,1007,52
2013-04-10 - 900,31,10,E,116,56,10,1008,33
2013-04-10 - 1200,35,10,ESE,116,45,10,1006,22
2013-04-10 - 1500,33,12,SE,353,55,10,1004,25
2013-04-10 - 1800,29,12,SE,113,75,10,1004,59
2013-04-11 - 0,28,5,ESE,113,81,10,1007,22
2013-04-11 - 300,27,5,NNE,113,82,10,1006,37
2013-04-11 - 600,28,9,NNE,113,80,10,1007,52
2013-04-11 - 900,32,3,ENE,356,62,7,1008,33
2013-04-11 - 1200,33,6,SSE,116,55,10,1006,22
2013-04-11 - 1500,30,5,SE,356,70,7,1004,25
2013-04-11 - 1800,28,12,ESE,116,76,10,1004,59
2013-04-12 - 0,27,8,E,113,82,10,1007,22
2013-04-12 - 300,26,8,NE,113,84,10,1006,37
2013-04-12 - 600,27,6,NNE,116,80,10,1007,52
2013-04-12 - 900,33,5,NE,116,55,10,1008,33
2013-04-12 - 1200,35,8,E,119,41,10,1006,22
2013-04-12 - 1500,33,9,E,116,48,10,1004,25
2013-04-12 - 1800,29,8,SE,116,67,10,1004,59
2013-04-13 - 0,27,13,E,116,68,10,1007,22
2013-04-13 - 300,26,9,ENE,116,72,10,1006,37
2013-04-13 - 600,27,10,ENE,116,67,10,1007,52
2013-04-13 - 900,31,13,ENE,116,50,10,1008,33
2013-04-13 - 1200,31,12,ENE,116,54,10,1006,22
2013-04-13 - 1500,29,8,ENE,353,62,10,1004,25
2013-04-13 - 1800,28,8,SE,116,69,10,1004,59
2013-04-14 - 0,26,8,NE,116,76,10,1007,22
2013-04-14 - 300,26,8,NE,116,77,10,1006,37
2013-04-14 - 600,27,8,ENE,116,70,10,1007,52
2013-04-14 - 900,33,9,ENE,113,48,10,1008,33
2013-04-14 - 1200,37,8,ESE,113,36,10,1006,22
2013-04-14 - 1500,35,14,SSE,113,41,10,1004,25
2013-04-14 - 1800,29,20,SE,113,63,10,1004,59
2013-04-15 - 0,27,12,ESE,113,76,10,1007,22
2013-04-15 - 300,26,8,ESE,113,80,10,1006,37
2013-04-15 - 600,28,12,E,113,72,10,1007,52
2013-04-15 - 900,33,12,E,113,48,10,1008,33
2013-04-15 - 1200,37,10,SE,116,36,10,1006,22
2013-04-15 - 1500,35,17,SSE,116,40,10,1004,25
2013-04-15 - 1800,30,16,SSE,113,63,10,1004,59
2013-04-16 - 0,27,9,SE,113,78,10,1007,22
2013-04-16 - 300,27,8,SE,113,83,10,1006,37
2013-04-16 - 600,28,10,ESE,113,76,10,1007,52
2013-04-16 - 900,33,11,ESE,113,50,10,1008,33
2013-04-16 - 1200,36,10,SSE,113,39,10,1006,22
2013-04-16 - 1500,35,18,SSE,113,44,10,1004,25
2013-04-16 - 1800,30,13,SSE,113,65,10,1004,59
2013-04-17 - 0,28,11,SE,116,78,10,1007,22
2013-04-17 - 300,27,9,SE,176,83,9,1006,37
2013-04-17 - 600,29,10,SE,116,76,10,1007,52
2013-04-17 - 900,33,12,SSE,113,54,10,1008,33
2013-04-17 - 1200,36,16,S,116,42,10,1006,22
2013-04-17 - 1500,34,17,S,356,49,7,1004,25
2013-04-17 - 1800,29,13,SSW,113,68,10,1004,59
2013-04-18 - 0,28,8,SSE,116,75,10,1007,22
2013-04-18 - 300,27,7,SSE,116,78,10,1006,37
2013-04-18 - 600,28,7,S,116,73,10,1007,52
2013-04-18 - 900,33,10,SW,176,56,9,1008,33
2013-04-18 - 1200,36,10,SW,116,40,10,1006,22
2013-04-18 - 1500,36,11,SSW,116,40,10,1004,25
2013-04-18 - 1800,31,11,SSE,116,63,10,1004,59
2013-04-19 - 0,28,7,SSE,116,79,10,1007,22
2013-04-19 - 300,27,6,S,116,82,10,1006,37
2013-04-19 - 600,29,4,S,113,76,10,1007,52
2013-04-19 - 900,34,7,SSE,113,53,10,1008,33
2013-04-19 - 1200,36,13,SSE,116,42,10,1006,22
2013-04-19 - 1500,35,15,SSE,176,46,9,1004,25
2013-04-19 - 1800,30,13,SSE,116,62,10,1004,59
2013-04-20 - 0,28,10,SSE,116,74,10,1007,22
2013-04-20 - 300,27,7,SE,113,77,10,1006,37
2013-04-20 - 600,28,5,SE,113,72,10,1007,52
2013-04-20 - 900,33,7,SSE,113,50,10,1008,33
2013-04-20 - 1200,35,12,SSE,119,43,10,1006,22
2013-04-20 - 1500,34,14,SSE,176,45,9,1004,25
2013-04-20 - 1800,30,12,SSE,113,58,10,1004,59
2013-04-21 - 0,27,9,SSE,113,72,10,1007,22
2013-04-21 - 300,26,7,SSE,113,77,10,1006,37
2013-04-21 - 600,28,4,SE,113,72,10,1007,52
2013-04-21 - 900,32,9,SE,116,51,10,1008,33
2013-04-21 - 1200,35,12,SE,119,44,10,1006,22
2013-04-21 - 1500,34,13,SSE,176,46,9,1004,25
2013-04-21 - 1800,29,11,SSE,116,64,10,1004,59
2013-04-22 - 0,27,7,SE,113,72,10,1007,22
2013-04-22 - 300,27,2,SE,116,76,10,1006,37
2013-04-22 - 600,28,5,ENE,116,72,10,1007,52
2013-04-22 - 900,33,8,ENE,116,50,10,1008,33
2013-04-22 - 1200,37,10,SE,116,39,10,1006,22
2013-04-22 - 1500,33,17,SE,356,54,7,1004,25
2013-04-22 - 1800,30,14,SE,116,69,10,1004,59
2013-04-23 - 0,28,8,SSE,116,76,10,1007,22
2013-04-23 - 300,27,4,SSE,116,79,10,1006,37
2013-04-23 - 600,28,6,E,116,74,10,1007,52
2013-04-23 - 900,30,8,ESE,356,66,7,1008,33
2013-04-23 - 1200,29,6,SSE,122,72,10,1006,22
2013-04-23 - 1500,29,4,SSE,266,71,2,1004,25
2013-04-23 - 1800,27,2,WNW,116,80,10,1004,59
2013-04-24 - 0,26,3,NNW,116,84,10,1007,22
2013-04-24 - 300,26,4,N,116,86,10,1006,37
2013-04-24 - 600,28,8,E,113,75,10,1007,52
2013-04-24 - 900,33,11,ESE,113,51,10,1008,33
2013-04-24 - 1200,36,15,SE,116,43,10,1006,22
2013-04-24 - 1500,34,19,SE,116,48,10,1004,25
2013-04-24 - 1800,29,15,SSE,113,69,10,1004,59
2013-04-25 - 0,27,9,SE,113,82,10,1007,22
2013-04-25 - 300,26,7,ESE,113,85,10,1006,37
2013-04-25 - 600,28,9,ESE,113,79,10,1007,52
2013-04-25 - 900,33,12,ESE,113,54,10,1008,33
2013-04-25 - 1200,35,15,SSE,116,43,10,1006,22
2013-04-25 - 1500,33,21,SSE,113,50,10,1004,25
2013-04-25 - 1800,29,14,SSE,113,69,10,1004,59
2013-04-26 - 0,27,8,SSE,113,82,10,1007,22
2013-04-26 - 300,26,5,SE,176,87,9,1006,37
2013-04-26 - 600,28,5,SE,113,79,10,1007,52
2013-04-26 - 900,33,7,SE,113,53,10,1008,33
2013-04-26 - 1200,35,9,SSE,116,47,10,1006,22
2013-04-26 - 1500,33,8,SSE,356,53,7,1004,25
2013-04-26 - 1800,29,14,SSE,113,70,10,1004,59
2013-04-27 - 0,27,8,SSE,116,82,10,1007,22
2013-04-27 - 300,27,6,SE,113,84,10,1006,37
2013-04-27 - 600,28,1,SSE,113,78,10,1007,52
2013-04-27 - 900,33,3,WSW,116,55,10,1008,33
2013-04-27 - 1200,34,3,W,116,50,10,1006,22
2013-04-27 - 1500,34,5,SE,176,51,9,1004,25
2013-04-27 - 1800,29,6,SE,116,71,10,1004,59
2013-05-01 - 0,27,8,SSE,113,78,10,1009,17
2013-05-01 - 300,27,6,SE,113,82,10,1008,15
2013-05-01 - 600,29,1,ESE,113,75,10,1010,11
2013-05-01 - 900,34,4,W,113,50,10,1009,10
2013-05-01 - 1200,37,4,SW,113,40,10,1008,51
2013-05-01 - 1500,35,13,SSW,176,44,9,1005,45
2013-05-01 - 1800,29,9,S,113,72,10,1008,63
2013-05-02 - 0,28,8,SSW,113,81,10,1009,17
2013-05-02 - 300,27,5,SSW,113,84,10,1008,15
2013-05-02 - 600,28,2,S,113,77,10,1010,11
2013-05-02 - 900,33,5,SSW,113,54,10,1009,10
2013-05-02 - 1200,35,9,SSW,113,48,10,1008,51
2013-05-02 - 1500,33,7,S,356,54,7,1005,45
2013-05-02 - 1800,29,11,SE,113,74,10,1008,63
2013-05-03 - 0,27,9,SSE,113,83,10,1009,17
2013-05-03 - 300,27,5,SSE,113,86,10,1008,15
2013-05-03 - 600,28,4,SSE,116,80,10,1010,11
2013-05-03 - 900,34,3,S,116,57,10,1009,10
2013-05-03 - 1200,36,6,SSE,113,46,10,1008,51
2013-05-03 - 1500,34,14,SSE,176,51,9,1005,45
2013-05-03 - 1800,29,11,SSE,113,71,10,1008,63
2013-05-04 - 0,28,8,SE,116,81,10,1009,17
2013-05-04 - 300,27,6,ESE,116,84,10,1008,15
2013-05-04 - 600,28,6,ESE,113,77,10,1010,11
2013-05-04 - 900,33,8,SE,116,56,10,1009,10
2013-05-04 - 1200,35,12,SE,116,49,10,1008,51
2013-05-04 - 1500,33,12,SE,356,57,7,1005,45
2013-05-04 - 1800,29,7,ESE,113,75,10,1008,63
2013-05-05 - 0,28,8,ESE,113,80,10,1009,17
2013-05-05 - 300,27,7,E,113,83,10,1008,15
2013-05-05 - 600,28,10,E,113,76,10,1010,11
2013-05-05 - 900,33,12,E,113,52,10,1009,10
2013-05-05 - 1200,36,13,ESE,116,40,10,1008,51
2013-05-05 - 1500,35,16,ESE,116,45,10,1005,45
2013-05-05 - 1800,30,10,SE,116,64,10,1008,63
2013-05-06 - 0,28,8,ESE,113,71,10,1009,17
2013-05-06 - 300,28,8,E,113,72,10,1008,15
2013-05-06 - 600,29,10,ENE,113,68,10,1010,11
2013-05-06 - 900,34,12,ENE,113,49,10,1009,10
2013-05-06 - 1200,36,6,NE,116,42,10,1008,51
2013-05-06 - 1500,33,6,E,353,58,10,1005,45
2013-05-06 - 1800,29,3,E,119,76,10,1008,63
2013-05-07 - 0,28,1,SE,116,82,10,1009,17
2013-05-07 - 300,28,3,NE,116,84,10,1008,15
2013-05-07 - 600,28,8,ENE,113,79,10,1010,11
2013-05-07 - 900,33,8,NE,113,58,10,1009,10
2013-05-07 - 1200,34,4,NE,113,53,10,1008,51
2013-05-07 - 1500,33,4,ESE,356,56,7,1005,45
2013-05-07 - 1800,29,4,E,116,79,10,1008,63
2013-05-08 - 0,28,3,ESE,116,83,10,1009,17
2013-05-08 - 300,28,3,E,116,84,10,1008,15
2013-05-08 - 600,29,6,E,116,79,10,1010,11
2013-05-08 - 900,34,5,ESE,176,57,9,1009,10
2013-05-08 - 1200,35,8,SE,116,51,10,1008,51
2013-05-08 - 1500,32,15,SE,356,64,7,1005,45
2013-05-08 - 1800,29,9,SE,113,79,10,1008,63
2013-05-09 - 0,28,9,SE,200,86,9,1009,17
2013-05-09 - 300,27,9,ESE,200,88,9,1008,15
2013-05-09 - 600,28,5,SE,119,84,10,1010,11
2013-05-09 - 900,32,8,SE,176,64,9,1009,10
2013-05-09 - 1200,35,10,SSE,116,52,10,1008,51
2013-05-09 - 1500,33,14,SE,176,57,9,1005,45
2013-05-09 - 1800,29,10,SSE,116,73,10,1008,63
2013-05-10 - 0,27,6,SSE,113,81,10,1009,17
2013-05-10 - 300,27,4,ESE,113,84,10,1008,15
2013-05-10 - 600,29,3,SE,113,78,10,1010,11
2013-05-10 - 900,34,4,SSW,113,55,10,1009,10
2013-05-10 - 1200,36,8,SSW,113,47,10,1008,51
2013-05-10 - 1500,34,10,S,176,53,9,1005,45
2013-05-10 - 1800,30,6,SSE,113,72,10,1008,63
2013-05-11 - 0,28,7,S,113,80,10,1009,17
2013-05-11 - 300,27,5,S,113,83,10,1008,15
2013-05-11 - 600,29,7,SSW,113,76,10,1010,11
2013-05-11 - 900,33,9,SW,113,57,10,1009,10
2013-05-11 - 1200,36,9,SW,116,46,10,1008,51
2013-05-11 - 1500,35,10,SSW,353,51,10,1005,45
2013-05-11 - 1800,30,9,SSE,200,72,9,1008,63
2013-05-12 - 0,28,7,SSE,116,79,10,1009,17
2013-05-12 - 300,28,4,S,176,82,9,1008,15
2013-05-12 - 600,29,5,SSW,113,75,10,1010,11
2013-05-12 - 900,33,8,SSW,113,55,10,1009,10
2013-05-12 - 1200,34,11,SSW,116,53,10,1008,51
2013-05-12 - 1500,32,15,SSW,356,65,7,1005,45
2013-05-12 - 1800,28,7,SW,200,84,9,1008,63
2013-05-13 - 0,27,5,SSW,116,84,10,1009,17
2013-05-13 - 300,27,3,SW,116,86,10,1008,15
2013-05-13 - 600,28,4,WSW,200,80,9,1010,11
2013-05-13 - 900,33,8,WSW,200,58,9,1009,10
2013-05-13 - 1200,35,8,WSW,116,45,10,1008,51
2013-05-13 - 1500,35,9,SW,176,46,9,1005,45
2013-05-13 - 1800,30,7,SSW,113,70,10,1008,63
2013-05-14 - 0,28,9,SSW,113,82,10,1009,17
2013-05-14 - 300,27,7,SSW,113,85,10,1008,15
2013-05-14 - 600,29,7,WSW,113,78,10,1010,11
2013-05-14 - 900,33,8,WSW,113,57,10,1009,10
2013-05-14 - 1200,36,8,W,113,45,10,1008,51
2013-05-14 - 1500,35,7,SW,356,51,7,1005,45
2013-05-14 - 1800,31,7,SSW,116,65,10,1008,63
2013-05-15 - 0,29,9,SW,116,79,10,1009,17
2013-05-15 - 300,28,8,SW,116,82,10,1008,15
2013-05-15 - 600,29,11,WSW,116,76,10,1010,11
2013-05-15 - 900,33,9,WSW,116,56,10,1009,10
2013-05-15 - 1200,35,10,SW,200,48,9,1008,51
2013-05-15 - 1500,34,12,SW,386,56,10,1005,45
2013-05-15 - 1800,30,6,SSW,200,72,9,1008,63
2013-05-16 - 0,28,7,SW,116,81,10,1009,17
2013-05-16 - 300,28,7,SSW,113,83,10,1008,15
2013-05-16 - 600,29,8,SW,113,80,10,1010,11
2013-05-16 - 900,33,12,SW,116,62,10,1009,10
2013-05-16 - 1200,35,12,SW,200,54,9,1008,51
2013-05-16 - 1500,33,9,SW,356,59,7,1005,45
2013-05-16 - 1800,30,9,SW,116,73,10,1008,63
2013-05-17 - 0,28,9,SSW,116,82,10,1009,17
2013-05-17 - 300,27,8,SW,176,86,9,1008,15
2013-05-17 - 600,29,6,SW,116,80,10,1010,11
2013-05-17 - 900,33,6,SSW,113,58,10,1009,10
2013-05-17 - 1200,35,11,SSW,200,53,9,1008,51
2013-05-17 - 1500,32,13,SSW,356,64,7,1005,45
2013-05-17 - 1800,29,9,S,113,78,10,1008,63
2013-05-18 - 0,27,6,SSW,116,84,10,1009,17
2013-05-18 - 300,27,3,SSW,116,87,10,1008,15
2013-05-18 - 600,29,7,SSW,116,78,10,1010,11
2013-05-18 - 900,33,11,SW,113,59,10,1009,10
2013-05-18 - 1200,34,12,SW,119,52,10,1008,51
2013-05-18 - 1500,32,9,SSW,359,66,3,1005,45
2013-05-18 - 1800,29,7,SSW,113,76,10,1008,63
2013-05-19 - 0,27,5,S,116,84,10,1009,17
2013-05-19 - 300,27,3,S,116,87,10,1008,15
2013-05-19 - 600,28,6,WSW,113,80,10,1010,11
2013-05-19 - 900,32,10,WSW,176,62,9,1009,10
2013-05-19 - 1200,34,12,SW,116,54,10,1008,51
2013-05-19 - 1500,32,13,SSW,356,62,7,1005,45
2013-05-19 - 1800,29,8,SSW,113,78,10,1008,63
2013-05-20 - 0,27,9,SW,113,84,10,1009,17
2013-05-20 - 300,26,5,SW,113,86,10,1008,15
2013-05-20 - 600,28,7,WSW,113,79,10,1010,11
2013-05-20 - 900,32,9,WSW,113,61,10,1009,10
2013-05-20 - 1200,34,12,WSW,119,52,10,1008,51
2013-05-20 - 1500,31,14,SW,359,66,3,1005,45
2013-05-20 - 1800,28,7,SSW,113,82,10,1008,63
2013-05-21 - 0,27,8,SW,113,85,10,1009,17
2013-05-21 - 300,26,6,SSW,113,87,10,1008,15
2013-05-21 - 600,28,8,WSW,113,81,10,1010,11
2013-05-21 - 900,32,12,WSW,200,62,9,1009,10
2013-05-21 - 1200,34,12,SW,200,58,9,1008,51
2013-05-21 - 1500,33,10,SSW,356,63,7,1005,45
2013-05-21 - 1800,29,9,S,113,76,10,1008,63
2013-05-22 - 0,27,8,SSW,113,85,10,1009,17
2013-05-22 - 300,26,6,SSW,113,88,10,1008,15
2013-05-22 - 600,28,8,SW,113,85,10,1010,11
2013-05-22 - 900,33,10,SW,113,61,10,1009,10
2013-05-22 - 1200,35,12,SW,200,50,9,1008,51
2013-05-22 - 1500,33,17,SSW,356,59,7,1005,45
2013-05-22 - 1800,29,9,S,116,75,10,1008,63
2013-05-23 - 0,28,9,WSW,200,86,9,1009,17
2013-05-23 - 300,27,8,WSW,356,89,7,1008,15
2013-05-23 - 600,28,9,SSW,113,85,10,1010,11
2013-05-23 - 900,32,10,SW,113,61,10,1009,10
2013-05-23 - 1200,35,11,SSW,200,51,9,1008,51
2013-05-23 - 1500,32,12,SW,356,65,7,1005,45
2013-05-23 - 1800,29,6,SW,113,81,10,1008,63
2013-05-24 - 0,27,10,SSW,116,87,10,1009,17
2013-05-24 - 300,26,6,SSW,116,89,10,1008,15
2013-05-24 - 600,28,6,SSW,116,82,10,1010,11
2013-05-24 - 900,32,9,SW,113,62,10,1009,10
2013-05-24 - 1200,34,10,SW,116,56,10,1008,51
2013-05-24 - 1500,32,11,SSW,176,65,9,1005,45
2013-05-24 - 1800,28,10,SW,116,82,10,1008,63
2013-05-25 - 0,27,6,SW,116,85,10,1009,17
2013-05-25 - 300,26,5,SSW,116,87,10,1008,15
2013-05-25 - 600,27,7,SW,113,81,10,1010,11
2013-05-25 - 900,32,8,SW,113,58,10,1009,10
2013-05-25 - 1200,34,9,SW,116,49,10,1008,51
2013-05-25 - 1500,33,13,SW,176,53,9,1005,45
2013-05-25 - 1800,28,10,SSW,116,77,10,1008,63
2013-05-26 - 0,27,8,SW,116,83,10,1009,17
2013-05-26 - 300,26,7,SW,116,86,10,1008,15
2013-05-26 - 600,28,5,WSW,116,81,10,1010,11
2013-05-26 - 900,32,8,W,113,60,10,1009,10
2013-05-26 - 1200,34,12,WSW,116,54,10,1008,51
2013-05-26 - 1500,32,11,SW,356,63,7,1005,45
2013-05-26 - 1800,29,8,SSW,113,78,10,1008,63
2013-05-27 - 0,27,8,SSW,113,86,10,1009,17
2013-05-27 - 300,26,5,SW,176,88,9,1008,15
2013-05-27 - 600,27,8,WSW,113,82,10,1010,11
2013-05-27 - 900,32,9,W,113,60,10,1009,10
2013-05-27 - 1200,35,9,WSW,116,50,10,1008,51
2013-05-27 - 1500,33,12,WSW,386,57,10,1005,45
2013-05-27 - 1800,29,8,SW,113,73,10,1008,63
2013-06-01 - 0,26,5,SE,116,85,10,1009,52
2013-06-01 - 300,26,5,E,113,87,10,1008,29
2013-06-01 - 600,27,7,E,113,83,10,1009,32
2013-06-01 - 900,32,8,E,176,62,9,1009,35
2013-06-01 - 1200,35,8,SE,116,49,10,1006,32
2013-06-01 - 1500,32,11,SSE,356,62,7,1004,19
2013-06-01 - 1800,27,8,ESE,116,81,10,1006,17
2013-06-02 - 0,26,6,SE,116,84,10,1009,52
2013-06-02 - 300,25,5,ESE,116,86,10,1008,29
2013-06-02 - 600,27,5,ESE,113,81,10,1009,32
2013-06-02 - 900,31,5,SE,116,64,10,1009,35
2013-06-02 - 1200,33,9,SE,119,58,10,1006,32
2013-06-02 - 1500,32,10,SE,116,63,10,1004,19
2013-06-02 - 1800,28,7,SE,116,77,10,1006,17
2013-06-03 - 0,26,6,SE,113,83,10,1009,52
2013-06-03 - 300,25,6,ESE,113,85,10,1008,29
2013-06-03 - 600,27,8,ESE,113,81,10,1009,32
2013-06-03 - 900,32,11,SE,113,59,10,1009,35
2013-06-03 - 1200,34,14,SSE,116,53,10,1006,32
2013-06-03 - 1500,32,17,SSE,353,61,10,1004,19
2013-06-03 - 1800,27,8,SSE,116,81,10,1006,17
2013-06-04 - 0,26,4,SSE,116,87,10,1009,52
2013-06-04 - 300,26,4,ESE,116,89,10,1008,29
2013-06-04 - 600,27,9,ESE,116,82,10,1009,32
2013-06-04 - 900,31,9,ESE,116,63,10,1009,35
2013-06-04 - 1200,33,10,ESE,122,57,10,1006,32
2013-06-04 - 1500,30,9,SSE,122,69,10,1004,19
2013-06-04 - 1800,27,7,SSE,116,79,10,1006,17
2013-06-05 - 0,25,6,SE,116,87,10,1009,52
2013-06-05 - 300,25,5,ESE,116,88,10,1008,29
2013-06-05 - 600,27,6,E,116,81,10,1009,32
2013-06-05 - 900,32,6,SE,113,59,10,1009,35
2013-06-05 - 1200,34,12,SSE,116,53,10,1006,32
2013-06-05 - 1500,33,14,SSE,176,56,9,1004,19
2013-06-05 - 1800,28,11,SSE,113,75,10,1006,17
2013-06-06 - 0,26,3,SSE,116,83,10,1009,52
2013-06-06 - 300,25,5,E,116,84,10,1008,29
2013-06-06 - 600,27,6,NE,116,78,10,1009,32
2013-06-06 - 900,32,6,E,116,58,10,1009,35
2013-06-06 - 1200,34,8,SSE,116,51,10,1006,32
2013-06-06 - 1500,32,11,SE,356,61,7,1004,19
2013-06-06 - 1800,28,6,SE,116,80,10,1006,17
2013-06-07 - 0,26,7,SSE,116,84,10,1009,52
2013-06-07 - 300,26,4,SE,116,87,10,1008,29
2013-06-07 - 600,28,1,ESE,116,79,10,1009,32
2013-06-07 - 900,34,1,S,116,56,10,1009,35
2013-06-07 - 1200,36,4,SW,116,47,10,1006,32
2013-06-07 - 1500,33,7,SW,356,60,7,1004,19
2013-06-07 - 1800,29,8,SSE,113,78,10,1006,17
2013-06-08 - 0,27,7,SSW,116,85,10,1009,52
2013-06-08 - 300,26,5,SSW,116,88,10,1008,29
2013-06-08 - 600,28,6,SW,113,82,10,1009,32
2013-06-08 - 900,32,7,SW,116,63,10,1009,35
2013-06-08 - 1200,34,8,SW,113,57,10,1006,32
2013-06-08 - 1500,33,10,SSW,356,62,7,1004,19
2013-06-08 - 1800,29,6,SW,113,80,10,1006,17
2013-06-09 - 0,27,6,SW,113,89,10,1009,52
2013-06-09 - 300,26,5,SW,113,91,10,1008,29
2013-06-09 - 600,28,5,W,116,86,10,1009,32
2013-06-09 - 900,33,7,WNW,116,65,10,1009,35
2013-06-09 - 1200,35,7,W,113,55,10,1006,32
2013-06-09 - 1500,32,11,SW,359,68,3,1004,19
2013-06-09 - 1800,29,10,WSW,113,82,10,1006,17
2013-06-10 - 0,27,13,WSW,116,89,10,1009,52
2013-06-10 - 300,26,12,WSW,116,91,10,1008,29
2013-06-10 - 600,28,13,WSW,113,85,10,1009,32
2013-06-10 - 900,32,15,W,113,64,10,1009,35
2013-06-10 - 1200,35,13,W,113,52,10,1006,32
2013-06-10 - 1500,34,12,WSW,386,56,10,1004,19
2013-06-10 - 1800,29,8,WSW,113,79,10,1006,17
2013-06-11 - 0,27,9,WSW,113,86,10,1009,52
2013-06-11 - 300,26,6,SW,113,89,10,1008,29
2013-06-11 - 600,28,9,SW,116,85,10,1009,32
2013-06-11 - 900,31,12,W,116,69,10,1009,35
2013-06-11 - 1200,34,13,WSW,116,57,10,1006,32
2013-06-11 - 1500,32,13,SW,356,66,7,1004,19
2013-06-11 - 1800,28,12,SSW,116,84,10,1006,17
2013-06-12 - 0,26,8,SW,116,89,10,1009,52
2013-06-12 - 300,26,4,SW,116,90,10,1008,29
2013-06-12 - 600,27,5,SW,116,84,10,1009,32
2013-06-12 - 900,31,8,WSW,176,64,9,1009,35
2013-06-12 - 1200,32,14,SW,119,64,10,1006,32
2013-06-12 - 1500,29,12,SSW,353,80,10,1004,19
2013-06-12 - 1800,27,6,SSW,116,87,10,1006,17
2013-06-13 - 0,26,6,SSW,116,91,10,1009,52
2013-06-13 - 300,25,4,WSW,176,93,9,1008,29
2013-06-13 - 600,26,5,WSW,116,91,10,1009,32
2013-06-13 - 900,27,5,SW,263,83,5,1009,35
2013-06-13 - 1200,30,15,WSW,122,74,10,1006,32
2013-06-13 - 1500,26,15,SW,356,88,7,1004,19
2013-06-13 - 1800,26,11,SW,116,93,10,1006,17
2013-06-14 - 0,25,8,WSW,143,95,2,1009,52
2013-06-14 - 300,24,9,WSW,293,95,9,1008,29
2013-06-14 - 600,25,10,W,116,92,10,1009,32
2013-06-14 - 900,28,15,WSW,353,81,10,1009,35
2013-06-14 - 1200,27,15,WSW,119,86,10,1006,32
2013-06-14 - 1500,28,12,SW,353,79,10,1004,19
2013-06-14 - 1800,26,11,SW,119,91,10,1006,17
2013-06-15 - 0,24,11,SW,143,96,2,1009,52
2013-06-15 - 300,24,11,WSW,293,96,9,1008,29
2013-06-15 - 600,25,8,W,116,92,10,1009,32
2013-06-15 - 900,28,10,WSW,353,76,10,1009,35
2013-06-15 - 1200,29,15,WSW,116,75,10,1006,32
2013-06-15 - 1500,27,11,WSW,176,82,9,1004,19
2013-06-15 - 1800,26,5,SW,116,89,10,1006,17
2013-06-16 - 0,25,8,SW,119,91,10,1009,52
2013-06-16 - 300,24,8,SW,116,92,10,1008,29
2013-06-16 - 600,25,7,SW,116,89,10,1009,32
2013-06-16 - 900,27,12,WSW,353,83,10,1009,35
2013-06-16 - 1200,29,15,WSW,119,74,10,1006,32
2013-06-16 - 1500,28,10,WSW,119,81,10,1004,19
2013-06-16 - 1800,25,8,SW,116,91,10,1006,17
2013-06-17 - 0,25,8,SW,143,94,2,1009,52
2013-06-17 - 300,24,6,SW,143,97,2,1008,29
2013-06-17 - 600,26,8,SW,116,91,10,1009,32
2013-06-17 - 900,30,16,WSW,353,72,10,1009,35
2013-06-17 - 1200,29,13,SW,116,76,10,1006,32
2013-06-17 - 1500,29,12,SW,353,78,10,1004,19
2013-06-17 - 1800,26,8,W,116,89,10,1006,17
2013-06-18 - 0,25,9,SW,119,91,10,1009,52
2013-06-18 - 300,24,7,SW,122,92,10,1008,29
2013-06-18 - 600,26,12,WSW,116,87,10,1009,32
2013-06-18 - 900,26,11,WSW,296,88,9,1009,35
2013-06-18 - 1200,29,9,W,116,77,10,1006,32
2013-06-18 - 1500,31,14,WSW,176,70,9,1004,19
2013-06-18 - 1800,27,12,WSW,116,88,10,1006,17
2013-06-19 - 0,26,10,SW,113,93,10,1009,52
2013-06-19 - 300,25,12,SW,176,94,9,1008,29
2013-06-19 - 600,27,16,SW,116,88,10,1009,32
2013-06-19 - 900,31,19,WSW,353,70,10,1009,35
2013-06-19 - 1200,31,17,WSW,200,69,9,1006,32
2013-06-19 - 1500,29,9,W,356,81,7,1004,19
2013-06-19 - 1800,27,9,WSW,200,88,9,1006,17
2013-06-20 - 0,26,9,WSW,116,90,10,1009,52
2013-06-20 - 300,25,9,WSW,176,93,9,1008,29
2013-06-20 - 600,27,14,WSW,116,89,10,1009,32
2013-06-20 - 900,31,20,W,353,70,10,1009,35
2013-06-20 - 1200,31,15,W,119,73,10,1006,32
2013-06-20 - 1500,28,11,WSW,356,86,7,1004,19
2013-06-20 - 1800,27,12,W,122,90,10,1006,17
2013-06-21 - 0,25,8,WSW,143,94,2,1009,52
2013-06-21 - 300,25,8,WSW,299,95,8,1008,29
2013-06-21 - 600,26,13,WSW,119,89,10,1009,32
2013-06-21 - 900,30,16,W,353,73,10,1009,35
2013-06-21 - 1200,30,13,W,119,73,10,1006,32
2013-06-21 - 1500,27,9,W,302,90,7,1004,19
2013-06-21 - 1800,26,6,WSW,119,94,10,1006,17
2013-06-22 - 0,25,8,SW,143,96,2,1009,52
2013-06-22 - 300,25,9,WSW,353,97,10,1008,29
2013-06-22 - 600,26,14,WSW,116,92,10,1009,32
2013-06-22 - 900,30,19,W,176,74,9,1009,35
2013-06-22 - 1200,30,17,W,116,74,10,1006,32
2013-06-22 - 1500,27,12,WSW,359,88,3,1004,19
2013-06-22 - 1800,26,12,WSW,116,92,10,1006,17
2013-06-23 - 0,25,11,SW,143,94,2,1009,52
2013-06-23 - 300,25,10,SW,143,94,2,1008,29
2013-06-23 - 600,26,10,SW,119,89,10,1009,32
2013-06-23 - 900,29,15,SW,200,74,9,1009,35
2013-06-23 - 1200,31,16,SW,116,71,10,1006,32
2013-06-23 - 1500,29,12,SW,353,81,10,1004,19
2013-06-23 - 1800,26,9,SSW,113,88,10,1006,17
2013-06-24 - 0,25,7,SSW,113,93,10,1009,52
2013-06-24 - 300,24,6,SSW,113,94,10,1008,29
2013-06-24 - 600,26,4,SW,116,91,10,1009,32
2013-06-24 - 900,30,8,SW,116,72,10,1009,35
2013-06-24 - 1200,31,10,SW,200,69,9,1006,32
2013-06-24 - 1500,30,10,SW,353,73,10,1004,19
2013-06-24 - 1800,27,4,S,113,89,10,1006,17
2013-06-25 - 0,26,5,S,113,91,10,1009,52
2013-06-25 - 300,25,5,SSW,113,93,10,1008,29
2013-06-25 - 600,27,7,W,113,87,10,1009,32
2013-06-25 - 900,31,10,W,113,65,10,1009,35
2013-06-25 - 1200,34,10,WSW,200,56,9,1006,32
2013-06-25 - 1500,32,9,WSW,176,62,9,1004,19
2013-06-25 - 1800,28,7,WSW,200,77,9,1006,17
2013-06-26 - 0,25,8,SW,116,86,10,1009,52
2013-06-26 - 300,25,7,SW,116,89,10,1008,29
2013-06-26 - 600,26,7,W,113,85,10,1009,32
2013-06-26 - 900,31,8,W,113,65,10,1009,35
2013-06-26 - 1200,34,9,WNW,200,54,9,1006,32
2013-06-26 - 1500,32,11,WSW,176,62,9,1004,19
2013-06-26 - 1800,27,6,SW,113,86,10,1006,17
2013-06-27 - 0,25,7,WSW,113,91,10,1009,52
2013-06-27 - 300,25,6,WSW,113,93,10,1008,29
2013-06-27 - 600,26,6,W,116,89,10,1009,32
2013-06-27 - 900,31,9,WSW,116,68,10,1009,35
2013-06-27 - 1200,33,10,WSW,200,56,9,1006,32
2013-06-27 - 1500,32,10,SW,386,61,10,1004,19
2013-06-27 - 1800,27,6,WSW,200,83,9,1006,17
2013-07-01 - 0,26,8,WSW,116,88,10,1010,81
2013-07-01 - 300,25,8,W,116,89,10,1009,83
2013-07-01 - 600,27,6,W,116,83,10,1010,31
2013-07-01 - 900,31,10,WSW,116,63,10,1010,26
2013-07-01 - 1200,33,7,WSW,116,56,10,1008,31
2013-07-01 - 1500,31,12,SSW,356,69,7,1007,60
2013-07-01 - 1800,27,11,SW,113,87,10,1009,81
2013-07-02 - 0,26,9,SW,116,94,10,1010,81
2013-07-02 - 300,25,9,SW,176,95,9,1009,83
2013-07-02 - 600,27,11,WSW,116,90,10,1010,31
2013-07-02 - 900,30,11,WSW,119,73,10,1010,26
2013-07-02 - 1200,32,10,SW,200,66,9,1008,31
2013-07-02 - 1500,31,9,SW,353,72,10,1007,60
2013-07-02 - 1800,27,8,SSW,200,88,9,1009,81
2013-07-03 - 0,26,5,SSW,122,93,10,1010,81
2013-07-03 - 300,25,4,S,122,93,10,1009,83
2013-07-03 - 600,26,5,SSW,116,90,10,1010,31
2013-07-03 - 900,30,8,WSW,116,71,10,1010,26
2013-07-03 - 1200,32,8,W,200,64,9,1008,31
2013-07-03 - 1500,30,10,SW,356,74,7,1007,60
2013-07-03 - 1800,26,4,SSW,119,93,10,1009,81
2013-07-04 - 0,25,4,SW,143,95,2,1010,81
2013-07-04 - 300,25,3,WSW,143,95,2,1009,83
2013-07-04 - 600,26,2,SSW,116,89,10,1010,31
2013-07-04 - 900,31,4,SSE,113,68,10,1010,26
2013-07-04 - 1200,33,6,S,116,60,10,1008,31
2013-07-04 - 1500,31,10,SSE,356,68,7,1007,60
2013-07-04 - 1800,26,12,SW,119,86,10,1009,81
2013-07-05 - 0,25,5,SW,143,94,2,1010,81
2013-07-05 - 300,25,3,WSW,143,96,2,1009,83
2013-07-05 - 600,26,2,NW,116,89,10,1010,31
2013-07-05 - 900,31,2,WNW,116,68,10,1010,26
2013-07-05 - 1200,32,5,S,116,65,10,1008,31
2013-07-05 - 1500,29,12,SSE,356,76,7,1007,60
2013-07-05 - 1800,26,12,SSW,116,90,10,1009,81
2013-07-06 - 0,25,4,WSW,143,95,2,1010,81
2013-07-06 - 300,24,3,W,353,96,10,1009,83
2013-07-06 - 600,26,2,ENE,116,89,10,1010,31
2013-07-06 - 900,30,6,S,176,72,9,1010,26
2013-07-06 - 1200,31,10,S,116,69,10,1008,31
2013-07-06 - 1500,30,13,S,353,72,10,1007,60
2013-07-06 - 1800,26,11,SSE,116,86,10,1009,81
2013-07-07 - 0,24,7,WSW,143,94,2,1010,81
2013-07-07 - 300,24,5,WSW,353,96,10,1009,83
2013-07-07 - 600,26,3,WSW,116,90,10,1010,31
2013-07-07 - 900,28,6,SW,353,77,10,1010,26
2013-07-07 - 1200,31,6,SW,116,65,10,1008,31
2013-07-07 - 1500,29,7,SW,116,76,10,1007,60
2013-07-07 - 1800,26,7,S,116,86,10,1009,81
2013-07-08 - 0,25,6,SSW,119,93,10,1010,81
2013-07-08 - 300,24,5,SSW,119,93,10,1009,83
2013-07-08 - 600,25,3,SW,116,88,10,1010,31
2013-07-08 - 900,30,5,WSW,116,67,10,1010,26
2013-07-08 - 1200,32,6,SW,116,59,10,1008,31
2013-07-08 - 1500,30,11,SSW,356,75,7,1007,60
2013-07-08 - 1800,26,8,SW,119,90,10,1009,81
2013-07-09 - 0,25,8,SW,143,94,2,1010,81
2013-07-09 - 300,24,5,WSW,353,94,10,1009,83
2013-07-09 - 600,25,3,WSW,122,90,10,1010,31
2013-07-09 - 900,29,5,WNW,119,72,10,1010,26
2013-07-09 - 1200,31,6,W,119,62,10,1008,31
2013-07-09 - 1500,29,9,WSW,353,73,10,1007,60
2013-07-09 - 1800,26,3,WSW,119,89,10,1009,81
2013-07-10 - 0,25,2,NNW,116,90,10,1010,81
2013-07-10 - 300,24,2,NNW,116,92,10,1009,83
2013-07-10 - 600,26,5,WSW,116,86,10,1010,31
2013-07-10 - 900,30,9,WSW,113,64,10,1010,26
2013-07-10 - 1200,32,10,W,113,54,10,1008,31
2013-07-10 - 1500,31,11,WSW,116,62,10,1007,60
2013-07-10 - 1800,27,8,WSW,116,84,10,1009,81
2013-07-11 - 0,25,7,WSW,116,91,10,1010,81
2013-07-11 - 300,24,5,W,113,93,10,1009,83
2013-07-11 - 600,26,6,WNW,113,87,10,1010,31
2013-07-11 - 900,30,6,WNW,113,66,10,1010,26
2013-07-11 - 1200,33,11,WNW,113,56,10,1008,31
2013-07-11 - 1500,33,11,W,113,57,10,1007,60
2013-07-11 - 1800,27,11,WSW,116,79,10,1009,81
2013-07-12 - 0,25,10,W,116,90,10,1010,81
2013-07-12 - 300,24,7,WNW,113,93,10,1009,83
2013-07-12 - 600,26,7,NNW,116,90,10,1010,31
2013-07-12 - 900,31,13,NNW,113,68,10,1010,26
2013-07-12 - 1200,33,13,NNW,116,56,10,1008,31
2013-07-12 - 1500,33,10,NW,116,57,10,1007,60
2013-07-12 - 1800,28,11,W,113,78,10,1009,81
2013-07-13 - 0,26,8,W,113,89,10,1010,81
2013-07-13 - 300,25,7,W,113,91,10,1009,83
2013-07-13 - 600,26,7,WNW,113,85,10,1010,31
2013-07-13 - 900,31,9,NW,113,64,10,1010,26
2013-07-13 - 1200,34,9,WNW,116,54,10,1008,31
2013-07-13 - 1500,34,8,W,113,54,10,1007,60
2013-07-13 - 1800,28,8,WSW,200,80,9,1009,81
2013-07-14 - 0,26,9,SW,116,91,10,1010,81
2013-07-14 - 300,25,9,WSW,176,93,9,1009,83
2013-07-14 - 600,27,11,W,116,86,10,1010,31
2013-07-14 - 900,31,9,W,113,64,10,1010,26
2013-07-14 - 1200,34,12,WSW,116,55,10,1008,31
2013-07-14 - 1500,32,13,SW,116,65,10,1007,60
2013-07-14 - 1800,27,9,SW,116,85,10,1009,81
2013-07-15 - 0,25,10,SW,119,92,10,1010,81
2013-07-15 - 300,25,9,SW,143,94,2,1009,83
2013-07-15 - 600,26,7,WSW,116,89,10,1010,31
2013-07-15 - 900,30,9,W,116,70,10,1010,26
2013-07-15 - 1200,33,10,W,116,59,10,1008,31
2013-07-15 - 1500,28,14,SW,356,81,7,1007,60
2013-07-15 - 1800,25,14,SW,116,94,10,1009,81
2013-07-16 - 0,24,11,SW,143,95,2,1010,81
2013-07-16 - 300,24,10,SW,143,96,2,1009,83
2013-07-16 - 600,24,13,WSW,122,94,10,1010,31
2013-07-16 - 900,27,18,W,122,85,10,1010,26
2013-07-16 - 1200,28,17,W,119,78,10,1008,31
2013-07-16 - 1500,27,13,W,353,84,10,1007,60
2013-07-16 - 1800,25,12,W,122,88,10,1009,81
2013-07-17 - 0,24,10,W,116,92,10,1010,81
2013-07-17 - 300,23,9,WNW,119,93,10,1009,83
2013-07-17 - 600,24,17,WNW,122,90,10,1010,31
2013-07-17 - 900,26,13,WNW,122,82,10,1010,26
2013-07-17 - 1200,29,14,W,122,71,10,1008,31
2013-07-17 - 1500,28,13,W,353,79,10,1007,60
2013-07-17 - 1800,26,7,W,119,89,10,1009,81
2013-07-18 - 0,25,8,W,122,93,10,1010,81
2013-07-18 - 300,24,8,WNW,116,93,10,1009,83
2013-07-18 - 600,25,11,WNW,119,91,10,1010,31
2013-07-18 - 900,28,10,NW,116,75,10,1010,26
2013-07-18 - 1200,30,9,NW,116,69,10,1008,31
2013-07-18 - 1500,29,6,W,356,77,7,1007,60
2013-07-18 - 1800,26,12,WSW,116,89,10,1009,81
2013-07-19 - 0,25,10,W,143,96,2,1010,81
2013-07-19 - 300,24,9,WSW,143,96,2,1009,83
2013-07-19 - 600,25,13,WSW,119,91,10,1010,31
2013-07-19 - 900,28,15,WSW,119,77,10,1010,26
2013-07-19 - 1200,29,15,WSW,119,77,10,1008,31
2013-07-19 - 1500,27,16,WSW,122,87,10,1007,60
2013-07-19 - 1800,25,14,WSW,122,95,10,1009,81
2013-07-20 - 0,23,13,WSW,119,96,10,1010,81
2013-07-20 - 300,23,11,WSW,353,96,10,1009,83
2013-07-20 - 600,24,10,W,116,92,10,1010,31
2013-07-20 - 900,28,16,W,353,77,10,1010,26
2013-07-20 - 1200,27,17,W,122,81,10,1008,31
2013-07-20 - 1500,25,14,W,119,92,10,1007,60
2013-07-20 - 1800,25,11,WSW,143,95,2,1009,81
2013-07-21 - 0,24,9,WSW,143,96,2,1010,81
2013-07-21 - 300,24,9,WSW,266,97,2,1009,83
2013-07-21 - 600,24,12,W,119,94,10,1010,31
2013-07-21 - 900,26,15,W,293,87,9,1010,26
2013-07-21 - 1200,27,16,WNW,119,82,10,1008,31
2013-07-21 - 1500,25,9,W,296,93,9,1007,60
2013-07-21 - 1800,24,12,WSW,143,96,2,1009,81
2013-07-22 - 0,24,11,WSW,143,95,2,1010,81
2013-07-22 - 300,24,10,WSW,293,96,9,1009,83
2013-07-22 - 600,24,6,WSW,143,97,2,1010,31
2013-07-22 - 900,28,14,W,353,82,10,1010,26
2013-07-22 - 1200,29,16,W,119,78,10,1008,31
2013-07-22 - 1500,27,10,W,119,90,10,1007,60
2013-07-22 - 1800,25,12,WSW,143,95,2,1009,81
2013-07-23 - 0,24,9,WSW,248,97,0,1010,81
2013-07-23 - 300,24,8,WSW,353,97,10,1009,83
2013-07-23 - 600,25,11,SW,143,95,2,1010,31
2013-07-23 - 900,26,16,WSW,266,90,2,1010,26
2013-07-23 - 1200,27,18,WSW,119,85,10,1008,31
2013-07-23 - 1500,26,14,WSW,119,89,10,1007,60
2013-07-23 - 1800,25,10,WSW,143,95,2,1009,81
2013-07-24 - 0,24,10,SW,143,96,2,1010,81
2013-07-24 - 300,23,8,SW,143,96,2,1009,83
2013-07-24 - 600,25,8,WSW,116,93,10,1010,31
2013-07-24 - 900,28,17,WSW,353,75,10,1010,26
2013-07-24 - 1200,28,10,W,116,81,10,1008,31
2013-07-24 - 1500,28,9,SW,353,82,10,1007,60
2013-07-24 - 1800,25,10,WSW,122,92,10,1009,81
2013-07-25 - 0,24,8,SW,116,92,10,1010,81
2013-07-25 - 300,23,7,SW,116,93,10,1009,83
2013-07-25 - 600,25,9,WSW,116,91,10,1010,31
2013-07-25 - 900,29,13,WSW,119,74,10,1010,26
2013-07-25 - 1200,31,15,WSW,116,66,10,1008,31
2013-07-25 - 1500,30,14,WSW,176,71,9,1007,60
2013-07-25 - 1800,26,7,SW,113,87,10,1009,81
2013-07-26 - 0,25,9,SW,113,93,10,1010,81
2013-07-26 - 300,24,8,SW,143,94,2,1009,83
2013-07-26 - 600,26,10,WSW,116,91,10,1010,31
2013-07-26 - 900,30,15,W,353,69,10,1010,26
2013-07-26 - 1200,32,14,W,200,63,9,1008,31
2013-07-26 - 1500,31,14,WSW,386,69,10,1007,60
2013-07-26 - 1800,27,8,WSW,116,83,10,1009,81
2013-07-27 - 0,25,10,WSW,116,88,10,1010,81
2013-07-27 - 300,24,8,WSW,113,91,10,1009,83
2013-07-27 - 600,26,12,WSW,116,89,10,1010,31
2013-07-27 - 900,30,11,W,116,68,10,1010,26
2013-07-27 - 1200,32,13,W,200,62,9,1008,31
2013-07-27 - 1500,30,16,WSW,386,73,10,1007,60
2013-07-27 - 1800,26,10,SW,116,90,10,1009,81
2013-08-01 - 0,24,11,SW,143,94,2,1009,61
2013-08-01 - 300,24,11,WSW,143,95,2,1007,56
2013-08-01 - 600,25,12,W,119,91,10,1009,18
2013-08-01 - 900,28,15,W,353,78,10,1009,26
2013-08-01 - 1200,28,14,W,116,76,10,1008,46
2013-08-01 - 1500,28,11,W,119,75,10,1006,20
2013-08-01 - 1800,26,11,WSW,119,87,10,1007,49
2013-08-02 - 0,24,10,SW,143,94,2,1009,61
2013-08-02 - 300,24,9,WSW,143,95,2,1007,56
2013-08-02 - 600,25,15,WSW,116,90,10,1009,18
2013-08-02 - 900,29,18,WSW,353,75,10,1009,26
2013-08-02 - 1200,30,15,WSW,119,76,10,1008,46
2013-08-02 - 1500,26,15,SW,359,89,3,1006,20
2013-08-02 - 1800,25,12,SW,119,93,10,1007,49
2013-08-03 - 0,24,10,SSW,143,94,2,1009,61
2013-08-03 - 300,24,10,SSW,143,95,2,1007,56
2013-08-03 - 600,25,12,SW,116,90,10,1009,18
2013-08-03 - 900,29,16,SW,122,74,10,1009,26
2013-08-03 - 1200,29,15,SSW,119,75,10,1008,46
2013-08-03 - 1500,27,10,SW,119,85,10,1006,20
2013-08-03 - 1800,25,8,S,122,94,10,1007,49
2013-08-04 - 0,24,4,SW,143,96,2,1009,61
2013-08-04 - 300,24,2,SSW,143,96,2,1007,56
2013-08-04 - 600,25,4,WSW,116,91,10,1009,18
2013-08-04 - 900,30,4,W,116,70,10,1009,26
2013-08-04 - 1200,32,5,W,119,62,10,1008,46
2013-08-04 - 1500,31,6,SW,116,66,10,1006,20
2013-08-04 - 1800,28,6,SW,113,78,10,1007,49
2013-08-05 - 0,26,6,SW,116,89,10,1009,61
2013-08-05 - 300,25,7,W,356,90,7,1007,56
2013-08-05 - 600,26,6,WNW,113,89,10,1009,18
2013-08-05 - 900,29,8,WNW,356,75,7,1009,26
2013-08-05 - 1200,32,13,WNW,200,65,9,1008,46
2013-08-05 - 1500,30,10,NW,353,72,10,1006,20
2013-08-05 - 1800,27,4,NW,200,86,9,1007,49
2013-08-06 - 0,25,7,SW,116,89,10,1009,61
2013-08-06 - 300,25,9,SW,353,93,10,1007,56
2013-08-06 - 600,26,4,W,116,91,10,1009,18
2013-08-06 - 900,29,9,W,176,74,9,1009,26
2013-08-06 - 1200,32,12,WNW,200,65,9,1008,46
2013-08-06 - 1500,29,10,WSW,356,81,7,1006,20
2013-08-06 - 1800,26,11,SW,122,90,10,1007,49
2013-08-07 - 0,25,8,WSW,143,95,2,1009,61
2013-08-07 - 300,24,6,WSW,143,96,2,1007,56
2013-08-07 - 600,25,5,W,116,91,10,1009,18
2013-08-07 - 900,30,7,WSW,116,72,10,1009,26
2013-08-07 - 1200,32,12,SW,116,64,10,1008,46
2013-08-07 - 1500,30,15,SW,116,74,10,1006,20
2013-08-07 - 1800,26,10,SW,119,89,10,1007,49
2013-08-08 - 0,25,7,SSW,113,92,10,1009,61
2013-08-08 - 300,25,6,SSW,113,93,10,1007,56
2013-08-08 - 600,26,8,S,116,90,10,1009,18
2013-08-08 - 900,30,11,SW,116,70,10,1009,26
2013-08-08 - 1200,32,12,WSW,116,65,10,1008,46
2013-08-08 - 1500,30,10,SW,386,74,10,1006,20
2013-08-08 - 1800,27,6,S,116,88,10,1007,49
2013-08-09 - 0,25,6,SSW,116,92,10,1009,61
2013-08-09 - 300,24,4,WSW,116,93,10,1007,56
2013-08-09 - 600,26,3,WSW,113,88,10,1009,18
2013-08-09 - 900,30,8,W,116,69,10,1009,26
2013-08-09 - 1200,32,9,WSW,200,61,9,1008,46
2013-08-09 - 1500,31,11,SW,113,68,10,1006,20
2013-08-09 - 1800,26,14,WSW,116,89,10,1007,49
2013-08-10 - 0,25,6,WSW,122,92,10,1009,61
2013-08-10 - 300,25,6,W,296,94,9,1007,56
2013-08-10 - 600,26,4,WNW,113,89,10,1009,18
2013-08-10 - 900,30,9,WNW,113,69,10,1009,26
2013-08-10 - 1200,32,10,W,116,60,10,1008,46
2013-08-10 - 1500,29,9,WSW,356,76,7,1006,20
2013-08-10 - 1800,26,6,SW,116,91,10,1007,49
2013-08-11 - 0,25,8,WSW,143,94,2,1009,61
2013-08-11 - 300,25,7,W,296,94,9,1007,56
2013-08-11 - 600,26,4,WNW,116,91,10,1009,18
2013-08-11 - 900,29,6,W,116,76,10,1009,26
2013-08-11 - 1200,31,10,WSW,116,66,10,1008,46
2013-08-11 - 1500,29,11,SW,356,76,7,1006,20
2013-08-11 - 1800,25,12,WSW,116,94,10,1007,49
2013-08-12 - 0,25,10,W,143,97,2,1009,61
2013-08-12 - 300,25,9,W,353,97,10,1007,56
2013-08-12 - 600,25,8,W,116,94,10,1009,18
2013-08-12 - 900,29,11,W,353,74,10,1009,26
2013-08-12 - 1200,30,14,W,119,72,10,1008,46
2013-08-12 - 1500,28,15,W,356,79,7,1006,20
2013-08-12 - 1800,26,7,W,116,90,10,1007,49
2013-08-13 - 0,25,9,SW,143,95,2,1009,61
2013-08-13 - 300,24,7,SW,263,95,5,1007,56
2013-08-13 - 600,25,6,W,116,91,10,1009,18
2013-08-13 - 900,28,12,W,263,76,5,1009,26
2013-08-13 - 1200,30,15,W,116,68,10,1008,46
2013-08-13 - 1500,28,13,W,356,81,7,1006,20
2013-08-13 - 1800,25,10,WSW,119,93,10,1007,49
2013-08-14 - 0,24,8,WSW,122,94,10,1009,61
2013-08-14 - 300,24,8,WSW,263,94,5,1007,56
2013-08-14 - 600,25,8,SW,116,90,10,1009,18
2013-08-14 - 900,29,12,W,119,73,10,1009,26
2013-08-14 - 1200,31,15,W,116,62,10,1008,46
2013-08-14 - 1500,29,10,SW,353,73,10,1006,20
2013-08-14 - 1800,26,6,SW,113,84,10,1007,49
2013-08-15 - 0,25,9,SW,113,88,10,1009,61
2013-08-15 - 300,24,7,WSW,116,91,10,1007,56
2013-08-15 - 600,26,8,SW,116,90,10,1009,18
2013-08-15 - 900,30,10,WSW,353,70,10,1009,26
2013-08-15 - 1200,32,13,WSW,116,65,10,1008,46
2013-08-15 - 1500,30,14,SW,176,70,9,1006,20
2013-08-15 - 1800,27,8,WSW,116,86,10,1007,49
2013-08-16 - 0,25,9,WSW,116,90,10,1009,61
2013-08-16 - 300,25,8,WSW,119,92,10,1007,56
2013-08-16 - 600,26,9,SW,113,88,10,1009,18
2013-08-16 - 900,30,17,WSW,116,68,10,1009,26
2013-08-16 - 1200,32,17,W,116,61,10,1008,46
2013-08-16 - 1500,30,12,WSW,356,73,7,1006,20
2013-08-16 - 1800,27,6,W,113,83,10,1007,49
2013-08-17 - 0,25,10,WSW,113,91,10,1009,61
2013-08-17 - 300,24,8,WSW,113,92,10,1007,56
2013-08-17 - 600,25,9,W,113,87,10,1009,18
2013-08-17 - 900,30,12,W,113,64,10,1009,26
2013-08-17 - 1200,33,17,W,113,52,10,1008,46
2013-08-17 - 1500,31,18,WSW,353,66,10,1006,20
2013-08-17 - 1800,27,11,WSW,113,85,10,1007,49
2013-08-18 - 0,25,12,WSW,116,90,10,1009,61
2013-08-18 - 300,24,10,WSW,113,92,10,1007,56
2013-08-18 - 600,26,13,WSW,113,87,10,1009,18
2013-08-18 - 900,31,18,W,113,63,10,1009,26
2013-08-18 - 1200,33,19,W,113,53,10,1008,46
2013-08-18 - 1500,31,15,WSW,356,64,7,1006,20
2013-08-18 - 1800,27,12,WSW,113,75,10,1007,49
2013-08-19 - 0,25,12,WSW,116,88,10,1009,61
2013-08-19 - 300,25,9,WSW,113,92,10,1007,56
2013-08-19 - 600,26,14,WSW,113,87,10,1009,18
2013-08-19 - 900,31,17,W,113,64,10,1009,26
2013-08-19 - 1200,34,17,W,113,50,10,1008,46
2013-08-19 - 1500,33,15,W,116,56,10,1006,20
2013-08-19 - 1800,28,12,SW,116,75,10,1007,49
2013-08-20 - 0,25,13,WSW,113,87,10,1009,61
2013-08-20 - 300,26,14,WSW,113,84,10,1007,56
2013-08-20 - 600,26,14,WSW,113,82,10,1009,18
2013-08-20 - 900,31,20,W,113,59,10,1009,26
2013-08-20 - 1200,34,21,W,116,48,10,1008,46
2013-08-20 - 1500,33,20,WSW,113,51,10,1006,20
2013-08-20 - 1800,28,15,SW,113,70,10,1007,49
2013-08-21 - 0,25,12,WSW,116,83,10,1009,61
2013-08-21 - 300,26,12,WSW,116,82,10,1007,56
2013-08-21 - 600,26,12,WSW,113,81,10,1009,18
2013-08-21 - 900,31,20,WSW,113,59,10,1009,26
2013-08-21 - 1200,33,19,WSW,113,52,10,1008,46
2013-08-21 - 1500,30,15,WSW,356,68,7,1006,20
2013-08-21 - 1800,26,11,SW,116,83,10,1007,49
2013-08-22 - 0,25,15,WSW,116,89,10,1009,61
2013-08-22 - 300,25,12,SW,176,90,9,1007,56
2013-08-22 - 600,26,16,WSW,116,85,10,1009,18
2013-08-22 - 900,30,22,WSW,176,63,9,1009,26
2013-08-22 - 1200,32,21,WSW,116,61,10,1008,46
2013-08-22 - 1500,30,17,WSW,356,72,7,1006,20
2013-08-22 - 1800,26,14,WSW,116,85,10,1007,49
2013-08-23 - 0,25,12,WSW,119,88,10,1009,61
2013-08-23 - 300,25,11,WSW,119,89,10,1007,56
2013-08-23 - 600,26,10,WSW,119,89,10,1009,18
2013-08-23 - 900,30,15,WSW,353,70,10,1009,26
2013-08-23 - 1200,31,17,WSW,116,67,10,1008,46
2013-08-23 - 1500,30,16,WSW,356,71,7,1006,20
2013-08-23 - 1800,26,12,WSW,116,84,10,1007,49
2013-08-24 - 0,25,11,WSW,116,90,10,1009,61
2013-08-24 - 300,24,11,SW,113,91,10,1007,56
2013-08-24 - 600,26,13,WSW,116,86,10,1009,18
2013-08-24 - 900,30,17,WSW,176,65,9,1009,26
2013-08-24 - 1200,32,18,W,116,61,10,1008,46
2013-08-24 - 1500,30,15,WSW,176,68,9,1006,20
2013-08-24 - 1800,25,11,WSW,116,88,10,1007,49
2013-08-25 - 0,24,6,SW,119,91,10,1009,61
2013-08-25 - 300,25,8,WSW,119,91,10,1007,56
2013-08-25 - 600,26,12,SW,119,90,10,1009,18
2013-08-25 - 900,29,16,SW,353,70,10,1009,26
2013-08-25 - 1200,31,15,WSW,116,67,10,1008,46
2013-08-25 - 1500,30,11,WSW,356,72,7,1006,20
2013-08-25 - 1800,26,8,SW,116,80,10,1007,49
2013-08-26 - 0,24,8,WSW,116,89,10,1009,61
2013-08-26 - 300,24,5,WSW,116,90,10,1007,56
2013-08-26 - 600,26,6,W,116,88,10,1009,18
2013-08-26 - 900,30,11,WNW,116,69,10,1009,26
2013-08-26 - 1200,32,12,WNW,116,61,10,1008,46
2013-08-26 - 1500,31,8,WNW,176,66,9,1006,20
2013-08-26 - 1800,27,5,W,116,85,10,1007,49
2013-08-27 - 0,25,9,WSW,116,90,10,1009,61
2013-08-27 - 300,24,8,WSW,119,93,10,1007,56
2013-08-27 - 600,25,8,WSW,119,89,10,1009,18
2013-08-27 - 900,29,12,W,119,72,10,1009,26
2013-08-27 - 1200,32,13,W,119,60,10,1008,46
2013-08-27 - 1500,30,16,W,176,65,9,1006,20
2013-08-27 - 1800,26,9,WNW,116,81,10,1007,49
2013-09-01 - 0,25,7,S,116,91,10,1008,56
2013-09-01 - 300,25,5,S,116,93,10,1007,40
2013-09-01 - 600,27,3,SE,113,87,10,1008,22
2013-09-01 - 900,31,5,SE,116,66,10,1008,51
2013-09-01 - 1200,33,8,SSE,113,57,10,1006,32
2013-09-01 - 1500,31,9,SSE,176,65,9,1004,38
2013-09-01 - 1800,27,7,SSE,113,82,10,1006,35
2013-09-02 - 0,25,5,SE,113,88,10,1008,56
2013-09-02 - 300,24,6,ESE,113,89,10,1007,40
2013-09-02 - 600,26,4,E,113,85,10,1008,22
2013-09-02 - 900,32,5,E,113,61,10,1008,51
2013-09-02 - 1200,34,5,SSE,116,51,10,1006,32
2013-09-02 - 1500,32,9,SE,176,60,9,1004,38
2013-09-02 - 1800,27,9,SSE,113,78,10,1006,35
2013-09-03 - 0,25,6,SSE,116,88,10,1008,56
2013-09-03 - 300,25,3,S,116,89,10,1007,40
2013-09-03 - 600,27,1,SW,116,81,10,1008,22
2013-09-03 - 900,33,2,WSW,116,59,10,1008,51
2013-09-03 - 1200,34,4,S,200,55,9,1006,32
2013-09-03 - 1500,31,8,SSE,356,67,7,1004,38
2013-09-03 - 1800,27,9,S,116,84,10,1006,35
2013-09-04 - 0,26,6,SSW,113,90,10,1008,56
2013-09-04 - 300,25,5,SSW,116,92,10,1007,40
2013-09-04 - 600,26,4,SW,116,87,10,1008,22
2013-09-04 - 900,31,6,WSW,116,66,10,1008,51
2013-09-04 - 1200,32,7,WSW,200,66,9,1006,32
2013-09-04 - 1500,30,6,SW,353,70,10,1004,38
2013-09-04 - 1800,27,3,SSW,116,86,10,1006,35
2013-09-05 - 0,26,6,SSW,113,86,10,1008,56
2013-09-05 - 300,26,4,SW,116,89,10,1007,40
2013-09-05 - 600,27,6,SSW,113,83,10,1008,22
2013-09-05 - 900,31,5,SSW,113,65,10,1008,51
2013-09-05 - 1200,33,8,SW,200,59,9,1006,32
2013-09-05 - 1500,31,8,SSW,353,67,10,1004,38
2013-09-05 - 1800,27,1,S,200,88,9,1006,35
2013-09-06 - 0,25,5,S,116,88,10,1008,56
2013-09-06 - 300,25,4,S,113,91,10,1007,40
2013-09-06 - 600,27,2,ENE,113,84,10,1008,22
2013-09-06 - 900,32,0,N,116,64,10,1008,51
2013-09-06 - 1200,33,4,W,113,61,10,1006,32
2013-09-06 - 1500,31,1,SSW,356,65,7,1004,38
2013-09-06 - 1800,27,10,SE,116,83,10,1006,35
2013-09-07 - 0,26,6,SSW,119,87,10,1008,56
2013-09-07 - 300,25,2,WSW,113,90,10,1007,40
2013-09-07 - 600,26,5,NE,113,86,10,1008,22
2013-09-07 - 900,31,5,NE,113,67,10,1008,51
2013-09-07 - 1200,34,1,NE,113,55,10,1006,32
2013-09-07 - 1500,31,10,SSE,356,69,7,1004,38
2013-09-07 - 1800,26,5,S,116,90,10,1006,35
2013-09-08 - 0,25,2,E,116,90,10,1008,56
2013-09-08 - 300,24,4,E,116,92,10,1007,40
2013-09-08 - 600,26,5,NE,116,88,10,1008,22
2013-09-08 - 900,31,4,ENE,116,69,10,1008,51
2013-09-08 - 1200,32,4,SSE,113,62,10,1006,32
2013-09-08 - 1500,30,10,SSE,356,73,7,1004,38
2013-09-08 - 1800,26,8,SSE,116,86,10,1006,35
2013-09-09 - 0,25,6,SE,116,90,10,1008,56
2013-09-09 - 300,24,6,SE,116,90,10,1007,40
2013-09-09 - 600,26,2,ESE,116,86,10,1008,22
2013-09-09 - 900,31,1,ESE,116,67,10,1008,51
2013-09-09 - 1200,31,5,ESE,116,63,10,1006,32
2013-09-09 - 1500,30,10,ESE,116,72,10,1004,38
2013-09-09 - 1800,26,7,SE,119,85,10,1006,35
2013-09-10 - 0,25,4,SSE,116,90,10,1008,56
2013-09-10 - 300,24,3,S,116,92,10,1007,40
2013-09-10 - 600,26,4,NNE,113,85,10,1008,22
2013-09-10 - 900,31,2,ESE,116,65,10,1008,51
2013-09-10 - 1200,32,5,SE,116,61,10,1006,32
2013-09-10 - 1500,30,8,SSE,353,69,10,1004,38
2013-09-10 - 1800,26,10,S,116,85,10,1006,35
2013-09-11 - 0,25,3,S,116,92,10,1008,56
2013-09-11 - 300,24,3,NE,116,92,10,1007,40
2013-09-11 - 600,26,1,SSE,113,87,10,1008,22
2013-09-11 - 900,30,4,S,116,67,10,1008,51
2013-09-11 - 1200,32,10,S,116,62,10,1006,32
2013-09-11 - 1500,30,15,S,353,72,10,1004,38
2013-09-11 - 1800,26,7,SSW,116,89,10,1006,35
2013-09-12 - 0,25,6,SSW,116,92,10,1008,56
2013-09-12 - 300,25,5,SSW,119,92,10,1007,40
2013-09-12 - 600,25,4,S,119,92,10,1008,22
2013-09-12 - 900,27,6,SSW,116,86,10,1008,51
2013-09-12 - 1200,29,12,SSW,200,78,9,1006,32
2013-09-12 - 1500,28,12,SSW,353,83,10,1004,38
2013-09-12 - 1800,26,6,S,122,93,10,1006,35
2013-09-13 - 0,25,5,S,143,95,2,1008,56
2013-09-13 - 300,24,5,S,143,95,2,1007,40
2013-09-13 - 600,25,9,SW,116,92,10,1008,22
2013-09-13 - 900,30,11,WSW,119,71,10,1008,51
2013-09-13 - 1200,32,11,WSW,116,66,10,1006,32
2013-09-13 - 1500,30,8,SW,356,75,7,1004,38
2013-09-13 - 1800,27,8,WNW,122,89,10,1006,35
2013-09-14 - 0,25,6,WSW,143,95,2,1008,56
2013-09-14 - 300,25,7,WSW,293,96,9,1007,40
2013-09-14 - 600,26,6,WSW,116,93,10,1008,22
2013-09-14 - 900,28,12,WSW,353,79,10,1008,51
2013-09-14 - 1200,30,16,WSW,122,73,10,1006,32
2013-09-14 - 1500,27,11,WSW,359,89,3,1004,38
2013-09-14 - 1800,25,8,W,116,94,10,1006,35
2013-09-15 - 0,24,7,SW,116,94,10,1008,56
2013-09-15 - 300,24,4,WSW,143,94,2,1007,40
2013-09-15 - 600,25,8,W,116,92,10,1008,22
2013-09-15 - 900,29,13,W,116,74,10,1008,51
2013-09-15 - 1200,31,13,W,116,64,10,1006,32
2013-09-15 - 1500,30,12,W,353,72,10,1004,38
2013-09-15 - 1800,26,12,W,116,88,10,1006,35
2013-09-16 - 0,25,9,W,119,92,10,1008,56
2013-09-16 - 300,24,8,W,119,93,10,1007,40
2013-09-16 - 600,25,8,W,116,93,10,1008,22
2013-09-16 - 900,27,15,WNW,116,76,10,1008,51
2013-09-16 - 1200,29,14,W,119,67,10,1006,32
2013-09-16 - 1500,30,13,WNW,116,65,10,1004,38
2013-09-16 - 1800,26,7,W,119,82,10,1006,35
2013-09-17 - 0,25,11,SW,119,93,10,1008,56
2013-09-17 - 300,24,11,W,353,93,10,1007,40
2013-09-17 - 600,25,12,W,122,91,10,1008,22
2013-09-17 - 900,27,14,W,296,86,9,1008,51
2013-09-17 - 1200,28,15,W,119,76,10,1006,32
2013-09-17 - 1500,26,10,W,356,88,7,1004,38
2013-09-17 - 1800,25,9,WSW,122,93,10,1006,35
2013-09-18 - 0,24,11,W,143,96,2,1008,56
2013-09-18 - 300,24,12,W,143,95,2,1007,40
2013-09-18 - 600,24,11,W,116,94,10,1008,22
2013-09-18 - 900,27,18,WNW,263,81,5,1008,51
2013-09-18 - 1200,28,20,WNW,119,72,10,1006,32
2013-09-18 - 1500,27,18,W,116,76,10,1004,38
2013-09-18 - 1800,25,14,WNW,116,90,10,1006,35
2013-09-19 - 0,24,7,W,116,92,10,1008,56
2013-09-19 - 300,24,12,WSW,176,92,9,1007,40
2013-09-19 - 600,25,15,W,119,88,10,1008,22
2013-09-19 - 900,29,22,W,353,72,10,1008,51
2013-09-19 - 1200,31,19,W,119,66,10,1006,32
2013-09-19 - 1500,29,16,WSW,356,77,7,1004,38
2013-09-19 - 1800,25,14,WSW,119,93,10,1006,35
2013-09-20 - 0,24,12,SW,116,94,10,1008,56
2013-09-20 - 300,24,13,SW,263,94,5,1007,40
2013-09-20 - 600,25,9,WSW,116,93,10,1008,22
2013-09-20 - 900,30,20,WSW,353,72,10,1008,51
2013-09-20 - 1200,30,17,WSW,116,71,10,1006,32
2013-09-20 - 1500,29,13,WSW,119,77,10,1004,38
2013-09-20 - 1800,26,10,SW,116,89,10,1006,35
2013-09-21 - 0,25,11,SW,143,95,2,1008,56
2013-09-21 - 300,24,9,WSW,143,96,2,1007,40
2013-09-21 - 600,25,9,WSW,116,92,10,1008,22
2013-09-21 - 900,26,14,WSW,176,86,9,1008,51
2013-09-21 - 1200,27,18,W,122,82,10,1006,32
2013-09-21 - 1500,26,12,W,293,89,9,1004,38
2013-09-21 - 1800,25,8,SW,122,94,10,1006,35
2013-09-22 - 0,24,7,SSW,143,95,2,1008,56
2013-09-22 - 300,23,7,SW,143,96,2,1007,40
2013-09-22 - 600,25,8,SW,116,91,10,1008,22
2013-09-22 - 900,29,19,WSW,353,77,10,1008,51
2013-09-22 - 1200,31,21,W,116,69,10,1006,32
2013-09-22 - 1500,29,14,WSW,356,78,7,1004,38
2013-09-22 - 1800,26,13,WSW,116,89,10,1006,35
2013-09-23 - 0,24,12,WSW,122,93,10,1008,56
2013-09-23 - 300,24,11,WSW,116,94,10,1007,40
2013-09-23 - 600,26,16,WSW,119,89,10,1008,22
2013-09-23 - 900,30,23,WSW,353,70,10,1008,51
2013-09-23 - 1200,31,20,W,116,70,10,1006,32
2013-09-23 - 1500,29,13,W,353,79,10,1004,38
2013-09-23 - 1800,26,10,WSW,116,85,10,1006,35
2013-09-24 - 0,25,9,WSW,116,91,10,1008,56
2013-09-24 - 300,24,8,SW,116,93,10,1007,40
2013-09-24 - 600,26,9,SW,116,90,10,1008,22
2013-09-24 - 900,29,16,WSW,353,74,10,1008,51
2013-09-24 - 1200,31,15,WSW,116,69,10,1006,32
2013-09-24 - 1500,28,10,SSW,356,83,7,1004,38
2013-09-24 - 1800,26,10,WSW,119,88,10,1006,35
2013-09-25 - 0,25,7,WSW,143,94,2,1008,56
2013-09-25 - 300,25,6,WSW,353,95,10,1007,40
2013-09-25 - 600,26,11,WSW,116,91,10,1008,22
2013-09-25 - 900,29,15,WSW,353,74,10,1008,51
2013-09-25 - 1200,31,14,WSW,116,68,10,1006,32
2013-09-25 - 1500,30,9,WSW,356,74,7,1004,38
2013-09-25 - 1800,26,9,W,113,84,10,1006,35
2013-09-26 - 0,25,10,WSW,116,91,10,1008,56
2013-09-26 - 300,25,8,WSW,122,93,10,1007,40
2013-09-26 - 600,26,10,W,116,90,10,1008,22
2013-09-26 - 900,30,15,WNW,116,69,10,1008,51
2013-09-26 - 1200,30,15,WNW,116,64,10,1006,32
2013-09-26 - 1500,27,10,NW,176,81,9,1004,38
2013-09-26 - 1800,26,4,W,116,90,10,1006,35
2013-09-27 - 0,25,3,WSW,119,94,10,1008,56
2013-09-27 - 300,25,4,W,389,96,6,1007,40
2013-09-27 - 600,25,9,WNW,143,95,2,1008,22
2013-09-27 - 900,29,12,WNW,116,77,10,1008,51
2013-09-27 - 1200,31,14,WNW,116,69,10,1006,32
2013-09-27 - 1500,29,8,WNW,356,81,7,1004,38
2013-09-27 - 1800,26,6,W,116,90,10,1006,35
2013-10-01 - 0,24,9,SW,143,95,2,1011,54
2013-10-01 - 300,23,5,W,143,96,2,1009,17
2013-10-01 - 600,26,6,W,116,90,10,1011,11
2013-10-01 - 900,30,8,W,176,71,9,1010,27
2013-10-01 - 1200,31,8,W,116,63,10,1008,19
2013-10-01 - 1500,29,7,SSW,356,75,7,1007,33
2013-10-01 - 1800,25,12,WSW,116,91,10,1008,44
2013-10-02 - 0,24,8,W,143,97,2,1011,54
2013-10-02 - 300,25,10,W,302,97,7,1009,17
2013-10-02 - 600,25,10,WSW,143,97,2,1011,11
2013-10-02 - 900,27,14,WNW,299,87,8,1010,27
2013-10-02 - 1200,30,15,NW,116,67,10,1008,19
2013-10-02 - 1500,27,9,WNW,263,79,5,1007,33
2013-10-02 - 1800,25,9,WNW,119,90,10,1008,44
2013-10-03 - 0,24,6,W,248,98,0,1011,54
2013-10-03 - 300,24,6,W,353,98,10,1009,17
2013-10-03 - 600,25,9,SW,116,93,10,1011,11
2013-10-03 - 900,29,14,WSW,176,74,9,1010,27
2013-10-03 - 1200,30,18,W,116,74,10,1008,19
2013-10-03 - 1500,27,16,W,356,84,7,1007,33
2013-10-03 - 1800,25,8,WSW,116,93,10,1008,44
2013-10-04 - 0,24,7,WSW,143,96,2,1011,54
2013-10-04 - 300,24,6,WSW,353,95,10,1009,17
2013-10-04 - 600,25,9,SW,116,91,10,1011,11
2013-10-04 - 900,29,12,WSW,353,74,10,1010,27
2013-10-04 - 1200,31,14,WSW,116,67,10,1008,19
2013-10-04 - 1500,29,10,WSW,356,78,7,1007,33
2013-10-04 - 1800,25,6,SSW,113,89,10,1008,44
2013-10-05 - 0,24,8,S,116,94,10,1011,54
2013-10-05 - 300,23,6,S,143,95,2,1009,17
2013-10-05 - 600,25,6,SSE,116,91,10,1011,11
2013-10-05 - 900,30,8,S,353,74,10,1010,27
2013-10-05 - 1200,30,14,SSE,116,70,10,1008,19
2013-10-05 - 1500,27,15,S,356,86,7,1007,33
2013-10-05 - 1800,25,8,SSW,143,95,2,1008,44
2013-10-06 - 0,24,7,SSE,248,97,0,1011,54
2013-10-06 - 300,24,8,S,356,96,7,1009,17
2013-10-06 - 600,26,4,SE,116,94,10,1011,11
2013-10-06 - 900,29,9,SSE,353,78,10,1010,27
2013-10-06 - 1200,29,15,SSE,116,75,10,1008,19
2013-10-06 - 1500,26,13,S,353,89,10,1007,33
2013-10-06 - 1800,25,6,SSE,143,95,2,1008,44
2013-10-07 - 0,24,6,SSE,143,97,2,1011,54
2013-10-07 - 300,24,5,SSE,266,97,2,1009,17
2013-10-07 - 600,25,5,E,116,94,10,1011,11
2013-10-07 - 900,29,9,SSE,353,76,10,1010,27
2013-10-07 - 1200,30,12,S,119,73,10,1008,19
2013-10-07 - 1500,28,12,S,356,82,7,1007,33
2013-10-07 - 1800,25,8,SSE,116,92,10,1008,44
2013-10-08 - 0,24,5,SSW,143,96,2,1011,54
2013-10-08 - 300,24,5,SSW,143,97,2,1009,17
2013-10-08 - 600,25,1,SSE,116,92,10,1011,11
2013-10-08 - 900,30,4,SW,353,75,10,1010,27
2013-10-08 - 1200,31,6,SW,116,68,10,1008,19
2013-10-08 - 1500,29,9,S,356,79,7,1007,33
2013-10-08 - 1800,25,6,SSW,116,91,10,1008,44
2013-10-09 - 0,24,8,WSW,119,93,10,1011,54
2013-10-09 - 300,24,5,W,353,96,10,1009,17
2013-10-09 - 600,25,8,WNW,116,92,10,1011,11
2013-10-09 - 900,29,10,W,176,75,9,1010,27
2013-10-09 - 1200,30,12,W,116,72,10,1008,19
2013-10-09 - 1500,28,7,NW,353,82,10,1007,33
2013-10-09 - 1800,25,4,NW,116,92,10,1008,44
2013-10-10 - 0,24,1,NNW,143,94,2,1011,54
2013-10-10 - 300,23,2,NE,143,96,2,1009,17
2013-10-10 - 600,26,2,ENE,116,89,10,1011,11
2013-10-10 - 900,31,3,NNW,176,72,9,1010,27
2013-10-10 - 1200,31,1,NNW,116,71,10,1008,19
2013-10-10 - 1500,29,3,ESE,356,78,7,1007,33
2013-10-10 - 1800,25,5,SE,116,93,10,1008,44
2013-10-11 - 0,24,4,ESE,116,94,10,1011,54
2013-10-11 - 300,23,2,ESE,143,95,2,1009,17
2013-10-11 - 600,26,3,E,113,85,10,1011,11
2013-10-11 - 900,30,3,N,116,70,10,1010,27
2013-10-11 - 1200,32,2,W,113,63,10,1008,19
2013-10-11 - 1500,30,2,SSE,176,71,9,1007,33
2013-10-11 - 1800,26,3,SSE,116,88,10,1008,44
2013-10-12 - 0,24,4,S,116,93,10,1011,54
2013-10-12 - 300,24,4,SSW,143,95,2,1009,17
2013-10-12 - 600,26,1,SW,119,91,10,1011,11
2013-10-12 - 900,30,4,NNW,353,74,10,1010,27
2013-10-12 - 1200,31,4,NW,116,68,10,1008,19
2013-10-12 - 1500,30,6,S,176,75,9,1007,33
2013-10-12 - 1800,26,9,S,116,90,10,1008,44
2013-10-13 - 0,24,6,SSW,116,91,10,1011,54
2013-10-13 - 300,24,4,SW,353,94,10,1009,17
2013-10-13 - 600,26,0,NE,116,87,10,1011,11
2013-10-13 - 900,30,4,NNW,176,73,9,1010,27
2013-10-13 - 1200,31,5,NW,116,69,10,1008,19
2013-10-13 - 1500,30,3,N,353,73,10,1007,33
2013-10-13 - 1800,26,8,SW,116,87,10,1008,44
2013-10-14 - 0,25,6,W,116,91,10,1011,54
2013-10-14 - 300,24,8,W,116,93,10,1009,17
2013-10-14 - 600,26,7,WNW,116,92,10,1011,11
2013-10-14 - 900,29,11,WNW,176,76,9,1010,27
2013-10-14 - 1200,31,12,WNW,116,67,10,1008,19
2013-10-14 - 1500,30,9,W,176,73,9,1007,33
2013-10-14 - 1800,27,9,SW,113,82,10,1008,44
2013-10-15 - 0,25,8,SW,113,94,10,1011,54
2013-10-15 - 300,24,9,SW,143,95,2,1009,17
2013-10-15 - 600,26,10,SW,116,93,10,1011,11
2013-10-15 - 900,30,16,WSW,113,73,10,1010,27
2013-10-15 - 1200,31,13,SW,116,68,10,1008,19
2013-10-15 - 1500,29,9,SW,176,82,9,1007,33
2013-10-15 - 1800,26,15,S,116,90,10,1008,44
2013-10-16 - 0,24,9,S,143,95,2,1011,54
2013-10-16 - 300,24,9,SSW,356,97,7,1009,17
2013-10-16 - 600,26,10,S,116,93,10,1011,11
2013-10-16 - 900,30,12,S,113,71,10,1010,27
2013-10-16 - 1200,31,13,S,116,66,10,1008,19
2013-10-16 - 1500,29,12,SSE,176,74,9,1007,33
2013-10-16 - 1800,25,8,SE,116,91,10,1008,44
2013-10-17 - 0,24,8,ESE,116,92,10,1011,54
2013-10-17 - 300,24,8,ESE,116,93,10,1009,17
2013-10-17 - 600,25,7,E,113,88,10,1011,11
2013-10-17 - 900,30,8,ESE,113,69,10,1010,27
2013-10-17 - 1200,32,9,SE,113,66,10,1008,19
2013-10-17 - 1500,29,13,SE,113,75,10,1007,33
2013-10-17 - 1800,26,8,SE,116,91,10,1008,44
2013-10-18 - 0,24,6,ESE,143,94,2,1011,54
2013-10-18 - 300,24,6,ENE,143,96,2,1009,17
2013-10-18 - 600,25,8,ENE,116,91,10,1011,11
2013-10-18 - 900,30,8,NE,116,72,10,1010,27
2013-10-18 - 1200,31,1,ENE,116,68,10,1008,19
2013-10-18 - 1500,29,5,ESE,356,76,7,1007,33
2013-10-18 - 1800,26,2,SE,113,87,10,1008,44
2013-10-19 - 0,25,4,NW,116,93,10,1011,54
2013-10-19 - 300,24,4,NNE,143,95,2,1009,17
2013-10-19 - 600,26,4,N,116,90,10,1011,11
2013-10-19 - 900,31,3,NNW,353,73,10,1010,27
2013-10-19 - 1200,31,3,N,200,70,9,1008,19
2013-10-19 - 1500,30,1,ESE,386,73,10,1007,33
2013-10-19 - 1800,26,6,S,113,90,10,1008,44
2013-10-20 - 0,25,3,W,116,94,10,1011,54
2013-10-20 - 300,24,5,NNW,143,95,2,1009,17
2013-10-20 - 600,25,7,NNE,116,92,10,1011,11
2013-10-20 - 900,30,3,ENE,176,72,9,1010,27
2013-10-20 - 1200,32,5,SSE,116,65,10,1008,19
2013-10-20 - 1500,30,8,SSE,176,74,9,1007,33
2013-10-20 - 1800,26,6,SE,116,88,10,1008,44
2013-10-21 - 0,25,4,NNE,116,91,10,1011,54
2013-10-21 - 300,24,7,N,116,94,10,1009,17
2013-10-21 - 600,25,7,N,113,90,10,1011,11
2013-10-21 - 900,31,2,E,113,69,10,1010,27
2013-10-21 - 1200,31,4,S,116,65,10,1008,19
2013-10-21 - 1500,30,5,SSE,176,69,9,1007,33
2013-10-21 - 1800,26,5,SSE,116,85,10,1008,44
2013-10-22 - 0,24,2,WSW,116,93,10,1011,54
2013-10-22 - 300,24,6,NW,116,93,10,1009,17
2013-10-22 - 600,25,9,N,116,89,10,1011,11
2013-10-22 - 900,30,4,NNE,176,70,9,1010,27
2013-10-22 - 1200,32,1,SW,113,61,10,1008,19
2013-10-22 - 1500,31,4,SSE,176,68,9,1007,33
2013-10-22 - 1800,26,9,SSE,116,83,10,1008,44
2013-10-23 - 0,25,1,E,116,91,10,1011,54
2013-10-23 - 300,24,5,NNW,176,92,9,1009,17
2013-10-23 - 600,25,8,NNE,116,90,10,1011,11
2013-10-23 - 900,30,3,N,176,71,9,1010,27
2013-10-23 - 1200,32,5,WNW,116,64,10,1008,19
2013-10-23 - 1500,30,4,WSW,176,69,9,1007,33
2013-10-23 - 1800,26,6,S,113,84,10,1008,44
2013-10-24 - 0,24,4,SSW,113,90,10,1011,54
2013-10-24 - 300,23,1,W,143,94,2,1009,17
2013-10-24 - 600,26,6,NNW,116,89,10,1011,11
2013-10-24 - 900,30,8,NNW,176,71,9,1010,27
2013-10-24 - 1200,32,7,N,113,59,10,1008,19
2013-10-24 - 1500,30,5,SE,176,67,9,1007,33
2013-10-24 - 1800,25,9,SSE,113,88,10,1008,44
2013-10-25 - 0,23,5,S,113,94,10,1011,54
2013-10-25 - 300,23,2,SSE,356,94,7,1009,17
2013-10-25 - 600,25,1,W,113,86,10,1011,11
2013-10-25 - 900,30,2,W,113,67,10,1010,27
2013-10-25 - 1200,32,1,WNW,116,59,10,1008,19
2013-10-25 - 1500,30,8,SE,176,70,9,1007,33
2013-10-25 - 1800,25,11,SSE,116,92,10,1008,44
2013-10-26 - 0,23,8,E,143,94,2,1011,54
2013-10-26 - 300,23,7,ENE,143,95,2,1009,17
2013-10-26 - 600,24,7,NE,113,91,10,1011,11
2013-10-26 - 900,29,7,N,113,71,10,1010,27
2013-10-26 - 1200,31,5,N,113,61,10,1008,19
2013-10-26 - 1500,30,4,SSE,113,68,10,1007,33
2013-10-26 - 1800,25,9,SSE,113,87,10,1008,44
2013-10-27 - 0,23,5,E,116,92,10,1011,54
2013-10-27 - 300,23,6,NNE,113,94,10,1009,17
2013-10-27 - 600,25,5,NE,113,89,10,1011,11
2013-10-27 - 900,30,3,NE,116,68,10,1010,27
2013-10-27 - 1200,31,3,S,113,62,10,1008,19
2013-10-27 - 1500,30,6,SSE,176,68,9,1007,33
2013-10-27 - 1800,25,6,S,113,83,10,1008,44
2013-11-01 - 0,23,4,S,113,92,10,1009,25
2013-11-01 - 300,23,5,WSW,113,93,10,1008,30
2013-11-01 - 600,25,1,NNW,113,87,10,1009,33
2013-11-01 - 900,30,5,WNW,116,70,10,1009,20
2013-11-01 - 1200,32,4,WNW,116,65,10,1007,31
2013-11-01 - 1500,30,4,S,176,71,9,1006,24
2013-11-01 - 1800,26,7,SSE,113,85,10,1008,45
2013-11-02 - 0,24,7,SE,113,93,10,1009,25
2013-11-02 - 300,23,4,E,176,96,9,1008,30
2013-11-02 - 600,25,8,NNE,116,91,10,1009,33
2013-11-02 - 900,30,4,N,113,69,10,1009,20
2013-11-02 - 1200,32,2,W,113,58,10,1007,31
2013-11-02 - 1500,30,3,SSE,113,64,10,1006,24
2013-11-02 - 1800,25,9,SSE,113,79,10,1008,45
2013-11-03 - 0,23,5,SSE,113,90,10,1009,25
2013-11-03 - 300,22,0,SE,113,93,10,1008,30
2013-11-03 - 600,25,5,NNW,113,83,10,1009,33
2013-11-03 - 900,30,5,NNW,113,66,10,1009,20
2013-11-03 - 1200,32,3,NW,113,55,10,1007,31
2013-11-03 - 1500,31,1,N,113,61,10,1006,24
2013-11-03 - 1800,25,6,SE,113,79,10,1008,45
2013-11-04 - 0,23,4,SSE,113,90,10,1009,25
2013-11-04 - 300,23,0,SW,113,94,10,1008,30
2013-11-04 - 600,25,5,N,113,83,10,1009,33
2013-11-04 - 900,30,6,NW,113,67,10,1009,20
2013-11-04 - 1200,32,6,NW,113,59,10,1007,31
2013-11-04 - 1500,31,3,N,176,62,9,1006,24
2013-11-04 - 1800,26,4,SSE,122,83,10,1008,45
2013-11-05 - 0,23,1,S,113,91,10,1009,25
2013-11-05 - 300,23,4,NW,113,91,10,1008,30
2013-11-05 - 600,25,4,N,113,85,10,1009,33
2013-11-05 - 900,30,5,NNW,113,66,10,1009,20
2013-11-05 - 1200,32,4,NNE,113,57,10,1007,31
2013-11-05 - 1500,31,5,SE,113,62,10,1006,24
2013-11-05 - 1800,26,8,SSE,113,82,10,1008,45
2013-11-06 - 0,24,3,WNW,116,90,10,1009,25
2013-11-06 - 300,24,6,NW,116,91,10,1008,30
2013-11-06 - 600,25,4,NNE,116,86,10,1009,33
2013-11-06 - 900,30,6,NNW,113,70,10,1009,20
2013-11-06 - 1200,32,6,NW,113,61,10,1007,31
2013-11-06 - 1500,30,8,N,353,72,10,1006,24
2013-11-06 - 1800,26,4,NNE,116,90,10,1008,45
2013-11-07 - 0,24,6,N,143,95,2,1009,25
2013-11-07 - 300,23,8,NW,299,96,8,1008,30
2013-11-07 - 600,24,11,NW,143,95,2,1009,33
2013-11-07 - 900,26,4,NNE,296,86,9,1009,20
2013-11-07 - 1200,27,11,ENE,122,82,10,1007,31
2013-11-07 - 1500,27,10,ENE,116,83,10,1006,24
2013-11-07 - 1800,24,8,E,119,92,10,1008,45
2013-11-08 - 0,23,6,NE,143,94,2,1009,25
2013-11-08 - 300,23,5,NNE,143,96,2,1008,30
2013-11-08 - 600,25,9,E,113,89,10,1009,33
2013-11-08 - 900,30,9,E,113,70,10,1009,20
2013-11-08 - 1200,32,7,ESE,113,61,10,1007,31
2013-11-08 - 1500,31,4,SE,113,67,10,1006,24
2013-11-08 - 1800,26,10,S,116,84,10,1008,45
2013-11-09 - 0,24,7,W,143,94,2,1009,25
2013-11-09 - 300,23,8,NW,143,95,2,1008,30
2013-11-09 - 600,24,8,WNW,116,92,10,1009,33
2013-11-09 - 900,29,10,NNW,113,71,10,1009,20
2013-11-09 - 1200,30,6,NW,113,63,10,1007,31
2013-11-09 - 1500,30,9,NW,113,66,10,1006,24
2013-11-09 - 1800,26,9,W,113,78,10,1008,45
2013-11-10 - 0,25,9,NW,113,85,10,1009,25
2013-11-10 - 300,24,8,WNW,113,90,10,1008,30
2013-11-10 - 600,25,6,W,116,88,10,1009,33
2013-11-10 - 900,30,9,W,116,71,10,1009,20
2013-11-10 - 1200,32,6,WSW,116,60,10,1007,31
2013-11-10 - 1500,31,7,S,113,68,10,1006,24
2013-11-10 - 1800,26,10,SSE,119,87,10,1008,45
2013-11-11 - 0,24,6,S,143,95,2,1009,25
2013-11-11 - 300,23,4,SSE,248,97,0,1008,30
2013-11-11 - 600,26,3,SE,116,90,10,1009,33
2013-11-11 - 900,30,4,SSE,116,71,10,1009,20
2013-11-11 - 1200,31,7,SSE,116,66,10,1007,31
2013-11-11 - 1500,30,10,SSE,176,75,9,1006,24
2013-11-11 - 1800,26,10,SSE,116,91,10,1008,45
2013-11-12 - 0,24,7,SE,143,95,2,1009,25
2013-11-12 - 300,24,6,ESE,143,95,2,1008,30
2013-11-12 - 600,25,8,ESE,116,90,10,1009,33
2013-11-12 - 900,30,7,E,113,69,10,1009,20
2013-11-12 - 1200,33,6,SE,116,60,10,1007,31
2013-11-12 - 1500,30,7,SSE,356,71,7,1006,24
2013-11-12 - 1800,26,9,SE,116,87,10,1008,45
2013-11-13 - 0,24,8,SE,116,94,10,1009,25
2013-11-13 - 300,24,7,E,176,96,9,1008,30
2013-11-13 - 600,26,5,ENE,116,89,10,1009,33
2013-11-13 - 900,30,6,N,176,72,9,1009,20
2013-11-13 - 1200,31,3,NNE,113,65,10,1007,31
2013-11-13 - 1500,30,6,SE,176,70,9,1006,24
2013-11-13 - 1800,26,15,SE,113,85,10,1008,45
2013-11-14 - 0,24,4,SE,113,90,10,1009,25
2013-11-14 - 300,24,5,N,113,90,10,1008,30
2013-11-14 - 600,25,9,N,113,89,10,1009,33
2013-11-14 - 900,29,10,NW,113,72,10,1009,20
2013-11-14 - 1200,31,9,NW,113,62,10,1007,31
2013-11-14 - 1500,31,4,NNW,116,64,10,1006,24
2013-11-14 - 1800,27,2,NE,119,78,10,1008,45
2013-11-15 - 0,24,3,SW,119,88,10,1009,25
2013-11-15 - 300,23,8,NNW,293,92,9,1008,30
2013-11-15 - 600,23,8,NNW,143,96,2,1009,33
2013-11-15 - 900,24,10,NNW,299,92,8,1009,20
2013-11-15 - 1200,26,5,NW,122,88,10,1007,31
2013-11-15 - 1500,25,4,WNW,296,90,9,1006,24
2013-11-15 - 1800,24,12,NE,143,96,2,1008,45
2013-11-16 - 0,23,6,E,248,97,0,1009,25
2013-11-16 - 300,23,7,ENE,248,97,0,1008,30
2013-11-16 - 600,24,9,ENE,116,93,10,1009,33
2013-11-16 - 900,29,13,E,116,72,10,1009,20
2013-11-16 - 1200,32,14,ESE,116,60,10,1007,31
2013-11-16 - 1500,31,10,ESE,113,66,10,1006,24
2013-11-16 - 1800,25,6,SE,113,87,10,1008,45
2013-11-17 - 0,25,4,NNE,116,88,10,1009,25
2013-11-17 - 300,24,4,NNW,116,92,10,1008,30
2013-11-17 - 600,25,5,NNE,116,89,10,1009,33
2013-11-17 - 900,30,4,NE,116,72,10,1009,20
2013-11-17 - 1200,32,4,E,113,59,10,1007,31
2013-11-17 - 1500,30,6,ESE,176,65,9,1006,24
2013-11-17 - 1800,26,7,ESE,116,84,10,1008,45
2013-11-18 - 0,24,5,ENE,113,90,10,1009,25
2013-11-18 - 300,23,7,NNE,113,91,10,1008,30
2013-11-18 - 600,24,9,NNE,113,89,10,1009,33
2013-11-18 - 900,29,6,NE,113,69,10,1009,20
2013-11-18 - 1200,32,4,NNE,116,57,10,1007,31
2013-11-18 - 1500,30,3,ESE,176,67,9,1006,24
2013-11-18 - 1800,25,4,ENE,113,83,10,1008,45
2013-11-19 - 0,23,10,NE,113,90,10,1009,25
2013-11-19 - 300,23,8,NNE,113,90,10,1008,30
2013-11-19 - 600,24,12,NE,113,86,10,1009,33
2013-11-19 - 900,29,8,NE,113,65,10,1009,20
2013-11-19 - 1200,32,8,NE,116,57,10,1007,31
2013-11-19 - 1500,30,5,NNE,176,67,9,1006,24
2013-11-19 - 1800,25,5,NE,116,82,10,1008,45
2013-11-20 - 0,23,7,NE,113,85,10,1009,25
2013-11-20 - 300,22,7,NNE,113,87,10,1008,30
2013-11-20 - 600,24,12,NE,113,83,10,1009,33
2013-11-20 - 900,29,8,ENE,113,65,10,1009,20
2013-11-20 - 1200,31,5,SE,116,58,10,1007,31
2013-11-20 - 1500,30,5,E,176,70,9,1006,24
2013-11-20 - 1800,25,5,E,116,88,10,1008,45
2013-11-21 - 0,24,7,NE,116,88,10,1009,25
2013-11-21 - 300,23,9,NE,116,91,10,1008,30
2013-11-21 - 600,23,10,ENE,116,90,10,1009,33
2013-11-21 - 900,26,8,ENE,263,81,5,1009,20
2013-11-21 - 1200,28,13,E,119,72,10,1007,31
2013-11-21 - 1500,26,13,E,266,81,2,1006,24
2013-11-21 - 1800,24,6,E,116,92,10,1008,45
2013-11-22 - 0,23,6,E,116,94,10,1009,25
2013-11-22 - 300,23,9,NE,143,94,2,1008,30
2013-11-22 - 600,24,6,ENE,116,91,10,1009,33
2013-11-22 - 900,28,9,ENE,116,71,10,1009,20
2013-11-22 - 1200,31,12,E,113,61,10,1007,31
2013-11-22 - 1500,30,10,ESE,176,68,9,1006,24
2013-11-22 - 1800,25,5,ESE,113,88,10,1008,45
2013-11-23 - 0,24,6,ENE,116,90,10,1009,25
2013-11-23 - 300,23,6,NE,116,90,10,1008,30
2013-11-23 - 600,25,8,E,116,86,10,1009,33
2013-11-23 - 900,30,11,E,119,65,10,1009,20
2013-11-23 - 1200,32,12,ESE,116,56,10,1007,31
2013-11-23 - 1500,30,12,SE,116,65,10,1006,24
2013-11-23 - 1800,26,11,ESE,113,78,10,1008,45
2013-11-24 - 0,24,8,E,113,86,10,1009,25
2013-11-24 - 300,23,7,ENE,113,88,10,1008,30
2013-11-24 - 600,25,6,ENE,116,82,10,1009,33
2013-11-24 - 900,30,3,ENE,113,66,10,1009,20
2013-11-24 - 1200,32,4,SSE,116,60,10,1007,31
2013-11-24 - 1500,30,8,SE,356,68,7,1006,24
2013-11-24 - 1800,26,8,S,113,85,10,1008,45
2013-11-25 - 0,24,2,SW,116,93,10,1009,25
2013-11-25 - 300,23,3,NW,143,95,2,1008,30
2013-11-25 - 600,25,9,NNE,113,89,10,1009,33
2013-11-25 - 900,30,5,NNE,116,69,10,1009,20
2013-11-25 - 1200,32,4,ENE,116,61,10,1007,31
2013-11-25 - 1500,29,10,SSE,356,73,7,1006,24
2013-11-25 - 1800,25,10,SSE,113,89,10,1008,45
2013-11-26 - 0,24,4,SSW,143,94,2,1009,25
2013-11-26 - 300,24,4,NW,143,96,2,1008,30
2013-11-26 - 600,25,10,N,116,90,10,1009,33
2013-11-26 - 900,30,4,N,113,70,10,1009,20
2013-11-26 - 1200,32,2,NNW,116,60,10,1007,31
2013-11-26 - 1500,29,1,SE,359,74,3,1006,24
2013-11-26 - 1800,26,3,SE,116,86,10,1008,45
2013-11-27 - 0,25,2,S,116,90,10,1009,25
2013-11-27 - 300,25,2,SE,176,91,9,1008,30
2013-11-27 - 600,26,12,ENE,119,89,10,1009,33
2013-11-27 - 900,30,14,E,113,70,10,1009,20
2013-11-27 - 1200,32,12,ESE,116,59,10,1007,31
2013-11-27 - 1500,30,11,ESE,356,72,7,1006,24
2013-11-27 - 1800,26,6,E,113,89,10,1008,45
