Day + Time,TempC,Windspeed(km/h),Windir16Point,Rain Or Not,Humidity (%),Visibility (km),Pressure (mb),Cloudcover (%)
2013-01-01 - 0,24,3,NNE,0,78,10,1011,20
2013-01-01 - 300,23,4,NNE,0,78,10,1010,22
2013-01-01 - 600,24,6,N,0,78,10,1011,21
2013-01-01 - 900,28,7,N,0,64,10,1012,16
2013-01-01 - 1200,32,3,NNW,0,52,10,1010,14
2013-01-01 - 1500,31,3,WNW,0,53,10,1009,23
2013-01-01 - 1800,27,5,SSW,0,70,10,1010,18
2013-01-02 - 0,24,3,ESE,0,82,10,1011,20
2013-01-02 - 300,23,3,E,0,84,10,1010,22
2013-01-02 - 600,24,4,NNE,0,78,10,1011,21
2013-01-02 - 900,30,3,NNE,0,59,10,1012,16
2013-01-02 - 1200,33,3,WNW,0,48,10,1010,14
2013-01-02 - 1500,32,3,SW,0,52,10,1009,23
2013-01-02 - 1800,27,1,SSE,0,70,10,1010,18
2013-01-03 - 0,25,3,W,0,77,10,1011,20
2013-01-03 - 300,24,2,WNW,0,80,10,1010,22
2013-01-03 - 600,25,4,NNE,0,74,10,1011,21
2013-01-03 - 900,29,5,ENE,0,62,10,1012,16
2013-01-03 - 1200,34,2,E,0,46,10,1010,14
2013-01-03 - 1500,32,4,NE,1,55,9,1009,23
2013-01-03 - 1800,27,1,WNW,0,70,10,1010,18
2013-01-04 - 0,25,2,N,0,81,10,1011,20
2013-01-04 - 300,24,3,NNW,0,80,10,1010,22
2013-01-04 - 600,24,7,NNE,0,82,10,1011,21
2013-01-04 - 900,28,4,NNW,0,67,10,1012,16
2013-01-04 - 1200,31,4,NNW,0,57,10,1010,14
2013-01-04 - 1500,31,4,NNW,1,57,9,1009,23
2013-01-04 - 1800,27,0,S,0,67,10,1010,18
2013-01-05 - 0,23,6,N,0,73,10,1011,20
2013-01-05 - 300,22,6,N,0,79,10,1010,22
2013-01-05 - 600,22,6,N,0,81,10,1011,21
2013-01-05 - 900,26,5,NNE,0,70,10,1012,16
2013-01-05 - 1200,29,3,NW,0,62,10,1010,14
2013-01-05 - 1500,28,3,NNW,0,64,10,1009,23
2013-01-05 - 1800,26,5,W,0,73,10,1010,18
2013-01-06 - 0,24,9,NNE,0,70,10,1011,20
2013-01-06 - 300,23,6,NNE,0,80,2,1010,22
2013-01-06 - 600,22,5,NNE,0,91,10,1011,21
2013-01-06 - 900,25,7,N,0,80,2,1012,16
2013-01-06 - 1200,25,7,NNW,0,81,10,1010,14
2013-01-06 - 1500,25,11,NNW,1,85,9,1009,23
2013-01-06 - 1800,24,10,NNE,0,93,10,1010,18
2013-01-07 - 0,23,8,NE,0,94,2,1011,20
2013-01-07 - 300,23,8,NNE,1,95,9,1010,22
2013-01-07 - 600,23,9,NNE,0,96,2,1011,21
2013-01-07 - 900,25,10,N,1,87,9,1012,16
2013-01-07 - 1200,27,9,N,0,77,10,1010,14
2013-01-07 - 1500,25,8,NNE,1,90,7,1009,23
2013-01-07 - 1800,24,9,N,0,94,10,1010,18
2013-01-08 - 0,23,4,NE,0,96,2,1011,20
2013-01-08 - 300,22,4,NE,0,95,2,1010,22
2013-01-08 - 600,23,7,NNW,0,93,10,1011,21
2013-01-08 - 900,26,9,N,0,78,10,1012,16
2013-01-08 - 1200,31,10,NNW,0,59,10,1010,14
2013-01-08 - 1500,29,10,N,1,67,10,1009,23
2013-01-08 - 1800,26,7,E,0,82,10,1010,18
2013-01-09 - 0,24,6,NW,0,86,10,1011,20
2013-01-09 - 300,23,4,NNW,0,91,10,1010,22
2013-01-09 - 600,25,4,NNE,0,86,10,1011,21
2013-01-09 - 900,29,4,ENE,0,70,10,1012,16
2013-01-09 - 1200,32,1,W,0,59,10,1010,14
2013-01-09 - 1500,30,4,SSW,1,63,10,1009,23
2013-01-09 - 1800,26,7,SSW,0,81,10,1010,18
2013-01-10 - 0,25,5,WSW,0,91,10,1011,20
2013-01-10 - 300,24,5,NW,1,92,10,1010,22
2013-01-10 - 600,23,5,N,0,91,10,1011,21
2013-01-10 - 900,28,5,NNE,0,72,10,1012,16
2013-01-10 - 1200,31,1,E,0,61,10,1010,14
2013-01-10 - 1500,29,10,SSE,1,67,9,1009,23
2013-01-10 - 1800,25,12,SSE,0,88,10,1010,18
2013-01-11 - 0,24,6,ESE,0,86,10,1011,20
2013-01-11 - 300,23,5,NNE,1,89,9,1010,22
2013-01-11 - 600,24,7,NE,0,89,10,1011,21
2013-01-11 - 900,28,6,N,0,70,10,1012,16
2013-01-11 - 1200,31,6,NNW,0,55,10,1010,14
2013-01-11 - 1500,31,1,N,0,52,10,1009,23
2013-01-11 - 1800,26,9,SSE,0,73,10,1010,18
2013-01-12 - 0,24,2,SE,0,87,10,1011,20
2013-01-12 - 300,23,2,NNW,0,89,10,1010,22
2013-01-12 - 600,23,6,NNW,0,84,10,1011,21
2013-01-12 - 900,28,7,NW,0,67,10,1012,16
2013-01-12 - 1200,31,5,NW,0,48,10,1010,14
2013-01-12 - 1500,31,3,WNW,0,45,10,1009,23
2013-01-12 - 1800,26,10,SSE,0,67,10,1010,18
2013-01-13 - 0,23,7,SSE,0,86,10,1011,20
2013-01-13 - 300,22,4,SSE,0,92,10,1010,22
2013-01-13 - 600,23,4,NNE,0,87,10,1011,21
2013-01-13 - 900,28,5,NNW,0,66,10,1012,16
2013-01-13 - 1200,32,6,N,0,47,10,1010,14
2013-01-13 - 1500,31,1,ESE,0,47,10,1009,23
2013-01-13 - 1800,25,14,SSE,0,72,10,1010,18
2013-01-14 - 0,22,8,SE,0,89,10,1011,20
2013-01-14 - 300,22,5,ESE,0,91,10,1010,22
2013-01-14 - 600,23,5,E,0,85,10,1011,21
2013-01-14 - 900,28,7,NE,0,63,10,1012,16
2013-01-14 - 1200,31,9,NNE,0,49,10,1010,14
2013-01-14 - 1500,31,5,NE,1,52,9,1009,23
2013-01-14 - 1800,25,6,SSE,0,76,10,1010,18
2013-01-15 - 0,23,7,SE,0,88,10,1011,20
2013-01-15 - 300,22,7,E,0,90,10,1010,22
2013-01-15 - 600,23,8,ENE,0,89,10,1011,21
2013-01-15 - 900,28,6,NNE,0,67,10,1012,16
2013-01-15 - 1200,31,9,N,0,50,10,1010,14
2013-01-15 - 1500,31,4,N,0,49,10,1009,23
2013-01-15 - 1800,26,9,SSE,0,72,10,1010,18
2013-01-16 - 0,23,4,SE,0,85,10,1011,20
2013-01-16 - 300,22,2,NNE,0,90,10,1010,22
2013-01-16 - 600,22,9,NNE,0,82,10,1011,21
2013-01-16 - 900,27,5,N,0,58,10,1012,16
2013-01-16 - 1200,31,6,NNE,0,40,10,1010,14
2013-01-16 - 1500,31,2,ENE,0,39,10,1009,23
2013-01-16 - 1800,25,13,SE,0,64,10,1010,18
2013-01-17 - 0,22,3,ENE,0,82,10,1011,20
2013-01-17 - 300,21,7,N,0,79,10,1010,22
2013-01-17 - 600,21,8,NNE,0,75,10,1011,21
2013-01-17 - 900,27,8,NNW,0,56,10,1012,16
2013-01-17 - 1200,31,8,NNW,0,42,10,1010,14
2013-01-17 - 1500,31,5,NNW,0,42,10,1009,23
2013-01-17 - 1800,26,4,S,0,63,10,1010,18
2013-01-18 - 0,23,6,N,0,74,10,1011,20
2013-01-18 - 300,22,10,N,0,72,10,1010,22
2013-01-18 - 600,21,13,NE,0,72,10,1011,21
2013-01-18 - 900,27,8,NE,0,55,10,1012,16
2013-01-18 - 1200,31,4,N,0,45,10,1010,14
2013-01-18 - 1500,31,0,NW,0,45,10,1009,23
2013-01-18 - 1800,25,4,ESE,0,67,10,1010,18
2013-01-19 - 0,22,7,NNE,0,74,10,1011,20
2013-01-19 - 300,21,8,N,0,75,10,1010,22
2013-01-19 - 600,21,8,NNE,0,76,10,1011,21
2013-01-19 - 900,27,5,N,0,59,10,1012,16
2013-01-19 - 1200,31,6,NW,0,48,10,1010,14
2013-01-19 - 1500,30,4,WNW,0,47,10,1009,23
2013-01-19 - 1800,26,7,SSW,0,60,10,1010,18
2013-01-20 - 0,23,3,SE,0,81,10,1011,20
2013-01-20 - 300,22,1,NNE,0,83,10,1010,22
2013-01-20 - 600,24,4,N,0,76,10,1011,21
2013-01-20 - 900,30,3,NNE,0,55,10,1012,16
2013-01-20 - 1200,33,5,SSE,0,44,10,1010,14
2013-01-20 - 1500,32,9,SSE,0,47,10,1009,23
2013-01-20 - 1800,27,10,SSE,0,64,10,1010,18
2013-01-21 - 0,24,9,ESE,0,77,10,1011,20
2013-01-21 - 300,24,7,E,0,77,10,1010,22
2013-01-21 - 600,24,6,NNE,0,74,10,1011,21
2013-01-21 - 900,30,6,N,0,55,10,1012,16
2013-01-21 - 1200,33,1,E,0,44,10,1010,14
2013-01-21 - 1500,32,6,SSE,0,47,10,1009,23
2013-01-21 - 1800,27,11,SE,0,66,10,1010,18
2013-01-22 - 0,24,13,ESE,0,78,10,1011,20
2013-01-22 - 300,24,10,E,0,79,10,1010,22
2013-01-22 - 600,24,8,ENE,0,77,10,1011,21
2013-01-22 - 900,30,8,NE,0,56,10,1012,16
2013-01-22 - 1200,33,4,N,0,47,10,1010,14
2013-01-22 - 1500,32,9,SE,1,53,7,1009,23
2013-01-22 - 1800,26,12,SSE,0,72,10,1010,18
2013-01-23 - 0,24,9,SE,0,81,10,1011,20
2013-01-23 - 300,23,6,ESE,0,84,10,1010,22
2013-01-23 - 600,24,5,ENE,0,82,10,1011,21
2013-01-23 - 900,29,4,NE,0,64,10,1012,16
2013-01-23 - 1200,32,1,ESE,0,52,10,1010,14
2013-01-23 - 1500,31,10,SSE,1,54,9,1009,23
2013-01-23 - 1800,26,14,SSE,0,70,10,1010,18
2013-01-24 - 0,23,8,SE,0,83,10,1011,20
2013-01-24 - 300,22,6,E,0,87,10,1010,22
2013-01-24 - 600,23,8,ENE,0,85,10,1011,21
2013-01-24 - 900,28,4,NE,0,63,10,1012,16
2013-01-24 - 1200,32,3,N,0,50,10,1010,14
2013-01-24 - 1500,31,6,SSE,0,51,10,1009,23
2013-01-24 - 1800,26,13,SSE,0,69,10,1010,18
2013-01-25 - 0,23,10,SE,0,79,10,1011,20
2013-01-25 - 300,23,9,ESE,0,84,10,1010,22
2013-01-25 - 600,23,9,ENE,0,83,10,1011,21
2013-01-25 - 900,28,8,NNE,0,63,10,1012,16
2013-01-25 - 1200,32,4,NNW,0,48,10,1010,14
2013-01-25 - 1500,32,6,SSE,0,48,10,1009,23
2013-01-25 - 1800,26,15,SSE,0,71,10,1010,18
2013-01-26 - 0,23,10,ESE,0,84,10,1011,20
2013-01-26 - 300,23,8,E,0,86,10,1010,22
2013-01-26 - 600,23,9,NE,0,83,10,1011,21
2013-01-26 - 900,28,6,NE,0,62,10,1012,16
2013-01-26 - 1200,33,3,E,0,46,10,1010,14
2013-01-26 - 1500,31,10,SSE,0,47,10,1009,23
2013-01-26 - 1800,26,16,SSE,0,65,10,1010,18
2013-01-27 - 0,23,11,SE,0,79,10,1011,20
2013-01-27 - 300,22,9,ESE,0,83,10,1010,22
2013-01-27 - 600,23,7,ENE,0,80,10,1011,21
2013-01-27 - 900,28,6,NE,0,59,10,1012,16
2013-01-27 - 1200,32,1,E,0,45,10,1010,14
2013-01-27 - 1500,31,10,SSE,0,46,10,1009,23
2013-01-27 - 1800,26,12,SSE,0,67,10,1010,18
2013-02-01 - 0,24,8,ESE,0,77,10,1012,13
2013-02-01 - 300,23,5,E,0,80,10,1010,7
2013-02-01 - 600,24,6,E,0,77,10,1011,12
2013-02-01 - 900,30,6,N,0,55,10,1011,9
2013-02-01 - 1200,34,5,N,0,42,10,1010,44
2013-02-01 - 1500,33,5,SE,0,42,10,1008,80
2013-02-01 - 1800,27,15,SE,0,58,10,1010,26
2013-02-02 - 0,24,8,ESE,0,66,10,1012,13
2013-02-02 - 300,24,4,NE,0,68,10,1010,7
2013-02-02 - 600,24,6,ENE,0,67,10,1011,12
2013-02-02 - 900,30,3,N,0,50,10,1011,9
2013-02-02 - 1200,35,2,ENE,0,37,10,1010,44
2013-02-02 - 1500,33,8,SE,0,41,10,1008,80
2013-02-02 - 1800,28,8,SE,0,56,10,1010,26
2013-02-03 - 0,25,12,ESE,0,66,10,1012,13
2013-02-03 - 300,24,13,E,0,69,10,1010,7
2013-02-03 - 600,24,14,E,0,69,10,1011,12
2013-02-03 - 900,31,14,ENE,0,46,10,1011,9
2013-02-03 - 1200,36,12,E,0,36,10,1010,44
2013-02-03 - 1500,33,8,ESE,0,43,10,1008,80
2013-02-03 - 1800,29,12,ESE,0,57,10,1010,26
2013-02-04 - 0,26,10,ESE,0,64,10,1012,13
2013-02-04 - 300,25,9,ESE,0,70,10,1010,7
2013-02-04 - 600,25,10,ENE,0,71,10,1011,12
2013-02-04 - 900,32,16,ENE,0,47,10,1011,9
2013-02-04 - 1200,35,12,E,0,37,10,1010,44
2013-02-04 - 1500,34,11,SE,0,42,10,1008,80
2013-02-04 - 1800,29,15,SE,0,61,10,1010,26
2013-02-05 - 0,25,13,ESE,0,74,10,1012,13
2013-02-05 - 300,24,11,E,0,77,10,1010,7
2013-02-05 - 600,25,10,E,0,75,10,1011,12
2013-02-05 - 900,31,6,ENE,0,49,10,1011,9
2013-02-05 - 1200,35,1,NNW,0,39,10,1010,44
2013-02-05 - 1500,34,6,S,0,43,10,1008,80
2013-02-05 - 1800,28,16,SE,0,65,10,1010,26
2013-02-06 - 0,25,12,ESE,0,80,10,1012,13
2013-02-06 - 300,24,5,E,0,83,10,1010,7
2013-02-06 - 600,25,9,E,0,79,10,1011,12
2013-02-06 - 900,31,5,NE,0,56,10,1011,9
2013-02-06 - 1200,34,3,NNE,0,44,10,1010,44
2013-02-06 - 1500,33,5,SSE,0,45,10,1008,80
2013-02-06 - 1800,28,14,SSE,0,65,10,1010,26
2013-02-07 - 0,24,12,SE,0,81,10,1012,13
2013-02-07 - 300,24,7,SE,0,86,10,1010,7
2013-02-07 - 600,24,5,SE,0,84,10,1011,12
2013-02-07 - 900,30,2,ESE,0,59,10,1011,9
2013-02-07 - 1200,35,1,SSW,0,43,10,1010,44
2013-02-07 - 1500,34,5,S,0,45,10,1008,80
2013-02-07 - 1800,27,13,SSE,0,69,10,1010,26
2013-02-08 - 0,24,10,SE,0,84,10,1012,13
2013-02-08 - 300,24,9,SSE,0,88,10,1010,7
2013-02-08 - 600,24,6,SE,0,87,10,1011,12
2013-02-08 - 900,31,5,SE,0,61,10,1011,9
2013-02-08 - 1200,35,5,SE,0,44,10,1010,44
2013-02-08 - 1500,33,14,SE,1,51,9,1008,80
2013-02-08 - 1800,26,15,SE,0,76,10,1010,26
2013-02-09 - 0,24,13,SE,0,82,10,1012,13
2013-02-09 - 300,23,10,ESE,0,84,10,1010,7
2013-02-09 - 600,24,12,E,0,81,10,1011,12
2013-02-09 - 900,29,10,NE,0,56,10,1011,9
2013-02-09 - 1200,34,5,NE,0,44,10,1010,44
2013-02-09 - 1500,34,7,SSE,0,42,10,1008,80
2013-02-09 - 1800,28,15,SSE,0,60,10,1010,26
2013-02-10 - 0,25,6,E,0,74,10,1012,13
2013-02-10 - 300,24,6,NE,0,71,10,1010,7
2013-02-10 - 600,24,6,NE,0,69,10,1011,12
2013-02-10 - 900,30,3,SE,0,50,10,1011,9
2013-02-10 - 1200,33,4,SSE,0,42,10,1010,44
2013-02-10 - 1500,33,8,S,0,42,10,1008,80
2013-02-10 - 1800,27,14,SSE,0,61,10,1010,26
2013-02-11 - 0,24,7,ESE,0,73,10,1012,13
2013-02-11 - 300,23,6,ENE,0,74,10,1010,7
2013-02-11 - 600,24,8,NNE,0,68,10,1011,12
2013-02-11 - 900,30,6,N,0,48,10,1011,9
2013-02-11 - 1200,34,1,NE,0,38,10,1010,44
2013-02-11 - 1500,33,6,SSE,0,41,10,1008,80
2013-02-11 - 1800,28,10,SSE,0,59,10,1010,26
2013-02-12 - 0,25,9,ESE,0,77,10,1012,13
2013-02-12 - 300,24,7,E,0,78,10,1010,7
2013-02-12 - 600,25,9,ENE,0,74,10,1011,12
2013-02-12 - 900,31,6,NE,0,50,10,1011,9
2013-02-12 - 1200,36,2,ENE,0,36,10,1010,44
2013-02-12 - 1500,34,13,SSE,0,39,10,1008,80
2013-02-12 - 1800,27,14,SSE,0,60,10,1010,26
2013-02-13 - 0,24,6,E,0,71,10,1012,13
2013-02-13 - 300,24,10,NNE,0,68,10,1010,7
2013-02-13 - 600,24,10,NNE,0,68,10,1011,12
2013-02-13 - 900,31,5,NE,0,45,10,1011,9
2013-02-13 - 1200,36,6,ENE,0,34,10,1010,44
2013-02-13 - 1500,35,7,SE,0,36,10,1008,80
2013-02-13 - 1800,30,9,SSE,0,53,10,1010,26
2013-02-14 - 0,26,7,ESE,0,69,10,1012,13
2013-02-14 - 300,25,5,ENE,0,71,10,1010,7
2013-02-14 - 600,26,5,NE,0,70,10,1011,12
2013-02-14 - 900,32,5,NNE,0,48,10,1011,9
2013-02-14 - 1200,36,4,ESE,0,37,10,1010,44
2013-02-14 - 1500,35,8,SE,0,40,10,1008,80
2013-02-14 - 1800,28,17,SE,0,65,10,1010,26
2013-02-15 - 0,25,11,ESE,0,75,10,1012,13
2013-02-15 - 300,24,8,ENE,0,77,10,1010,7
2013-02-15 - 600,25,9,ENE,0,73,10,1011,12
2013-02-15 - 900,31,6,NE,0,50,10,1011,9
2013-02-15 - 1200,36,4,ESE,0,37,10,1010,44
2013-02-15 - 1500,35,14,SSE,0,38,10,1008,80
2013-02-15 - 1800,28,14,SE,0,59,10,1010,26
2013-02-16 - 0,25,11,ESE,0,71,10,1012,13
2013-02-16 - 300,24,11,NE,0,72,10,1010,7
2013-02-16 - 600,25,10,NE,0,68,10,1011,12
2013-02-16 - 900,31,8,NNE,0,47,10,1011,9
2013-02-16 - 1200,36,4,E,0,32,10,1010,44
2013-02-16 - 1500,35,8,SSE,0,34,10,1008,80
2013-02-16 - 1800,29,12,SSE,0,57,10,1010,26
2013-02-17 - 0,26,9,E,0,68,10,1012,13
2013-02-17 - 300,24,8,E,0,70,10,1010,7
2013-02-17 - 600,25,5,ENE,0,69,10,1011,12
2013-02-17 - 900,31,6,ENE,0,46,10,1011,9
2013-02-17 - 1200,36,5,ESE,0,30,10,1010,44
2013-02-17 - 1500,34,13,SE,0,32,10,1008,80
2013-02-17 - 1800,28,14,SE,0,54,10,1010,26
2013-02-18 - 0,23,12,SE,0,71,10,1012,13
2013-02-18 - 300,22,11,E,0,71,10,1010,7
2013-02-18 - 600,22,13,E,0,67,10,1011,12
2013-02-18 - 900,31,10,ENE,0,39,10,1011,9
2013-02-18 - 1200,36,7,ENE,0,28,10,1010,44
2013-02-18 - 1500,34,8,SSE,0,31,10,1008,80
2013-02-18 - 1800,27,15,SSE,0,60,10,1010,26
2013-02-19 - 0,24,11,SE,0,80,10,1012,13
2013-02-19 - 300,23,9,ESE,0,82,10,1010,7
2013-02-19 - 600,23,14,ENE,0,74,10,1011,12
2013-02-19 - 900,31,10,ENE,0,45,10,1011,9
2013-02-19 - 1200,36,5,ENE,0,33,10,1010,44
2013-02-19 - 1500,34,9,SSE,0,34,10,1008,80
2013-02-19 - 1800,28,15,SSE,0,58,10,1010,26
2013-02-20 - 0,24,10,SE,0,78,10,1012,13
2013-02-20 - 300,23,5,SE,0,80,10,1010,7
2013-02-20 - 600,24,7,E,0,75,10,1011,12
2013-02-20 - 900,29,6,NNE,0,53,10,1011,9
2013-02-20 - 1200,34,6,NNE,0,38,10,1010,44
2013-02-20 - 1500,34,5,SSE,0,34,10,1008,80
2013-02-20 - 1800,28,12,SSE,0,56,10,1010,26
2013-02-21 - 0,24,4,E,0,75,10,1012,13
2013-02-21 - 300,23,7,N,0,73,10,1010,7
2013-02-21 - 600,23,8,NNE,0,69,10,1011,12
2013-02-21 - 900,30,3,NNE,0,46,10,1011,9
2013-02-21 - 1200,35,3,NW,0,31,10,1010,44
2013-02-21 - 1500,34,3,W,0,31,10,1008,80
2013-02-21 - 1800,28,8,SE,0,55,10,1010,26
2013-02-22 - 0,25,2,W,0,66,10,1012,13
2013-02-22 - 300,25,2,WNW,0,65,10,1010,7
2013-02-22 - 600,24,10,NE,0,71,10,1011,12
2013-02-22 - 900,24,8,NE,1,81,8,1011,9
2013-02-22 - 1200,25,8,N,0,77,10,1010,44
2013-02-22 - 1500,25,10,NNW,1,80,9,1008,80
2013-02-22 - 1800,24,9,N,0,82,10,1010,26
2013-02-23 - 0,23,10,NNE,0,86,10,1012,13
2013-02-23 - 300,22,8,N,0,86,10,1010,7
2013-02-23 - 600,23,9,N,0,81,10,1011,12
2013-02-23 - 900,28,8,N,0,63,10,1011,9
2013-02-23 - 1200,32,4,NNE,0,48,10,1010,44
2013-02-23 - 1500,31,9,NNE,1,52,10,1008,80
2013-02-23 - 1800,27,10,NNE,0,65,10,1010,26
2013-02-24 - 0,25,10,NNE,0,77,10,1012,13
2013-02-24 - 300,25,9,NNE,0,76,10,1010,7
2013-02-24 - 600,25,8,NE,0,75,10,1011,12
2013-02-24 - 900,31,9,NE,0,55,10,1011,9
2013-02-24 - 1200,35,4,NE,0,43,10,1010,44
2013-02-24 - 1500,33,4,E,1,47,9,1008,80
2013-02-24 - 1800,29,11,SE,0,66,10,1010,26
2013-02-25 - 0,26,9,E,0,76,10,1012,13
2013-02-25 - 300,24,8,ENE,0,80,10,1010,7
2013-02-25 - 600,25,8,NE,0,78,10,1011,12
2013-02-25 - 900,31,8,ENE,0,50,10,1011,9
2013-02-25 - 1200,36,10,E,0,36,10,1010,44
2013-02-25 - 1500,35,15,SE,0,38,10,1008,80
2013-02-25 - 1800,29,15,SE,0,59,10,1010,26
2013-02-26 - 0,26,12,E,0,67,10,1012,13
2013-02-26 - 300,25,9,E,0,69,10,1010,7
2013-02-26 - 600,26,10,ENE,0,66,10,1011,12
2013-02-26 - 900,32,10,NE,0,44,10,1011,9
2013-02-26 - 1200,36,10,E,0,35,10,1010,44
2013-02-26 - 1500,35,17,SE,0,38,10,1008,80
2013-02-26 - 1800,29,18,SE,0,60,10,1010,26
2013-02-27 - 0,26,15,ESE,0,68,10,1012,13
2013-02-27 - 300,25,13,E,0,70,10,1010,7
2013-02-27 - 600,26,13,E,0,69,10,1011,12
2013-02-27 - 900,33,14,E,0,44,10,1011,9
2013-02-27 - 1200,37,14,ESE,0,34,10,1010,44
2013-02-27 - 1500,35,21,SE,0,38,10,1008,80
2013-02-27 - 1800,28,18,SE,0,66,10,1010,26
2013-03-01 - 0,25,12,SE,0,82,10,1013,15
2013-03-01 - 300,24,10,SE,0,85,10,1012,11
2013-03-01 - 600,25,14,ESE,0,80,10,1014,6
2013-03-01 - 900,32,14,ESE,0,52,10,1014,8
2013-03-01 - 1200,36,11,ESE,0,38,10,1012,26
2013-03-01 - 1500,34,15,SSE,0,45,10,1009,46
2013-03-01 - 1800,28,14,SE,0,69,10,1012,44
2013-03-02 - 0,25,12,ESE,0,82,10,1013,15
2013-03-02 - 300,24,10,ESE,0,84,10,1012,11
2013-03-02 - 600,25,13,ESE,0,80,10,1014,6
2013-03-02 - 900,32,12,ESE,0,49,10,1014,8
2013-03-02 - 1200,37,15,ESE,0,32,10,1012,26
2013-03-02 - 1500,35,22,SE,0,37,10,1009,46
2013-03-02 - 1800,28,15,SSE,0,68,10,1012,44
2013-03-03 - 0,25,13,SE,0,83,10,1013,15
2013-03-03 - 300,24,10,E,0,83,10,1012,11
2013-03-03 - 600,25,9,ENE,0,78,10,1014,6
2013-03-03 - 900,32,8,NE,0,50,10,1014,8
2013-03-03 - 1200,37,5,E,0,32,10,1012,26
2013-03-03 - 1500,35,13,SSE,0,37,10,1009,46
2013-03-03 - 1800,28,14,SSE,0,62,10,1012,44
2013-03-04 - 0,26,7,ENE,0,75,10,1013,15
2013-03-04 - 300,25,5,NE,1,78,9,1012,11
2013-03-04 - 600,25,8,ENE,0,73,10,1014,6
2013-03-04 - 900,32,5,E,0,48,10,1014,8
2013-03-04 - 1200,35,3,SSE,0,37,10,1012,26
2013-03-04 - 1500,34,2,SSE,0,40,10,1009,46
2013-03-04 - 1800,30,10,ESE,0,55,10,1012,44
2013-03-05 - 0,25,5,ENE,0,69,10,1013,15
2013-03-05 - 300,24,6,NNE,0,70,10,1012,11
2013-03-05 - 600,24,8,NE,0,69,10,1014,6
2013-03-05 - 900,31,4,NE,0,49,10,1014,8
2013-03-05 - 1200,35,2,SSE,0,35,10,1012,26
2013-03-05 - 1500,34,11,SSE,0,36,10,1009,46
2013-03-05 - 1800,28,13,SSE,0,57,10,1012,44
2013-03-06 - 0,26,5,ENE,0,68,10,1013,15
2013-03-06 - 300,25,6,N,0,68,10,1012,11
2013-03-06 - 600,25,6,N,0,65,10,1014,6
2013-03-06 - 900,32,2,NW,0,45,10,1014,8
2013-03-06 - 1200,35,5,SSW,0,34,10,1012,26
2013-03-06 - 1500,34,11,SSE,0,34,10,1009,46
2013-03-06 - 1800,28,15,SSE,0,56,10,1012,44
2013-03-07 - 0,26,10,ESE,0,73,10,1013,15
2013-03-07 - 300,25,5,ENE,0,74,10,1012,11
2013-03-07 - 600,26,6,NNE,0,69,10,1014,6
2013-03-07 - 900,31,10,N,0,49,10,1014,8
2013-03-07 - 1200,36,3,NNW,0,35,10,1012,26
2013-03-07 - 1500,35,10,SE,0,37,10,1009,46
2013-03-07 - 1800,29,15,SE,0,60,10,1012,44
2013-03-08 - 0,26,5,ESE,0,71,10,1013,15
2013-03-08 - 300,25,5,NE,0,73,10,1012,11
2013-03-08 - 600,26,5,NE,0,68,10,1014,6
2013-03-08 - 900,31,5,N,0,51,10,1014,8
2013-03-08 - 1200,36,2,N,0,34,10,1012,26
2013-03-08 - 1500,35,7,SSE,0,34,10,1009,46
2013-03-08 - 1800,28,16,SSE,0,56,10,1012,44
2013-03-09 - 0,25,11,SE,0,72,10,1013,15
2013-03-09 - 300,24,7,SE,0,76,10,1012,11
2013-03-09 - 600,25,12,ESE,0,72,10,1014,6
2013-03-09 - 900,31,7,E,0,47,10,1014,8
2013-03-09 - 1200,35,2,SSE,0,36,10,1012,26
2013-03-09 - 1500,34,10,SSE,0,39,10,1009,46
2013-03-09 - 1800,28,16,SSE,0,64,10,1012,44
2013-03-10 - 0,25,10,SE,0,76,10,1013,15
2013-03-10 - 300,24,9,SE,0,81,10,1012,11
2013-03-10 - 600,25,9,ESE,0,79,10,1014,6
2013-03-10 - 900,31,9,SE,0,53,10,1014,8
2013-03-10 - 1200,35,9,SSE,0,39,10,1012,26
2013-03-10 - 1500,33,16,SSE,0,43,10,1009,46
2013-03-10 - 1800,27,16,SSE,0,67,10,1012,44
2013-03-11 - 0,25,10,SSE,0,79,10,1013,15
2013-03-11 - 300,24,8,SE,0,84,10,1012,11
2013-03-11 - 600,25,11,SE,0,80,10,1014,6
2013-03-11 - 900,31,10,ESE,0,53,10,1014,8
2013-03-11 - 1200,36,8,SE,0,38,10,1012,26
2013-03-11 - 1500,34,16,SSE,0,42,10,1009,46
2013-03-11 - 1800,27,19,SSE,0,66,10,1012,44
2013-03-12 - 0,25,11,SSE,0,79,10,1013,15
2013-03-12 - 300,24,8,SE,0,82,10,1012,11
2013-03-12 - 600,25,9,SE,0,76,10,1014,6
2013-03-12 - 900,31,12,SE,0,52,10,1014,8
2013-03-12 - 1200,35,11,SE,0,40,10,1012,26
2013-03-12 - 1500,34,15,SSE,0,41,10,1009,46
2013-03-12 - 1800,27,15,SSE,0,63,10,1012,44
2013-03-13 - 0,25,11,SSE,0,83,10,1013,15
2013-03-13 - 300,25,6,S,0,86,10,1012,11
2013-03-13 - 600,26,4,ESE,0,83,10,1014,6
2013-03-13 - 900,32,5,ESE,0,52,10,1014,8
2013-03-13 - 1200,36,4,SSE,0,38,10,1012,26
2013-03-13 - 1500,34,13,SSE,0,44,10,1009,46
2013-03-13 - 1800,28,13,SSE,0,66,10,1012,44
2013-03-14 - 0,25,7,SE,0,85,10,1013,15
2013-03-14 - 300,24,7,ESE,0,89,10,1012,11
2013-03-14 - 600,26,9,ESE,0,85,10,1014,6
2013-03-14 - 900,32,10,E,0,53,10,1014,8
2013-03-14 - 1200,36,10,ESE,0,38,10,1012,26
2013-03-14 - 1500,34,17,SSE,0,43,10,1009,46
2013-03-14 - 1800,28,18,SSE,0,67,10,1012,44
2013-03-15 - 0,26,11,SE,0,84,10,1013,15
2013-03-15 - 300,25,8,E,0,85,10,1012,11
2013-03-15 - 600,26,11,E,0,77,10,1014,6
2013-03-15 - 900,33,10,ENE,0,49,10,1014,8
2013-03-15 - 1200,36,4,ESE,0,39,10,1012,26
2013-03-15 - 1500,32,14,SSE,1,50,10,1009,46
2013-03-15 - 1800,28,13,SE,0,69,10,1012,44
2013-03-16 - 0,26,10,SE,0,77,10,1013,15
2013-03-16 - 300,25,9,ESE,0,77,10,1012,11
2013-03-16 - 600,26,8,ENE,0,71,10,1014,6
2013-03-16 - 900,32,6,ENE,0,52,10,1014,8
2013-03-16 - 1200,37,4,ESE,0,37,10,1012,26
2013-03-16 - 1500,35,10,SSE,0,39,10,1009,46
2013-03-16 - 1800,29,17,SSE,0,62,10,1012,44
2013-03-17 - 0,26,12,SE,0,76,10,1013,15
2013-03-17 - 300,26,8,SE,0,80,10,1012,11
2013-03-17 - 600,26,9,ESE,0,76,10,1014,6
2013-03-17 - 900,33,7,E,0,51,10,1014,8
2013-03-17 - 1200,36,3,ESE,0,40,10,1012,26
2013-03-17 - 1500,33,17,SSE,1,49,10,1009,46
2013-03-17 - 1800,28,16,SSE,0,70,10,1012,44
2013-03-18 - 0,26,10,SSE,0,82,10,1013,15
2013-03-18 - 300,25,8,SSE,0,85,10,1012,11
2013-03-18 - 600,26,8,SSE,0,81,10,1014,6
2013-03-18 - 900,32,9,SE,0,56,10,1014,8
2013-03-18 - 1200,36,8,SSE,0,42,10,1012,26
2013-03-18 - 1500,34,10,SSE,1,45,9,1009,46
2013-03-18 - 1800,29,15,SSE,0,66,10,1012,44
2013-03-19 - 0,26,11,SSE,0,81,10,1013,15
2013-03-19 - 300,25,6,SSE,0,85,10,1012,11
2013-03-19 - 600,26,6,SE,0,82,10,1014,6
2013-03-19 - 900,30,9,SE,0,65,10,1014,8
2013-03-19 - 1200,35,12,SSE,0,44,10,1012,26
2013-03-19 - 1500,34,19,SSE,0,44,10,1009,46
2013-03-19 - 1800,28,17,SE,0,63,10,1012,44
2013-03-20 - 0,25,9,SSE,0,78,10,1013,15
2013-03-20 - 300,24,6,S,0,85,10,1012,11
2013-03-20 - 600,26,8,SSE,0,80,10,1014,6
2013-03-20 - 900,31,10,SSE,0,52,10,1014,8
2013-03-20 - 1200,36,10,SSE,0,37,10,1012,26
2013-03-20 - 1500,35,17,SSE,0,39,10,1009,46
2013-03-20 - 1800,28,15,SSE,0,63,10,1012,44
2013-03-21 - 0,25,8,SSE,0,86,10,1013,15
2013-03-21 - 300,24,6,SSE,0,92,10,1012,11
2013-03-21 - 600,26,5,SSE,0,86,10,1014,6
2013-03-21 - 900,33,6,SE,0,51,10,1014,8
2013-03-21 - 1200,37,9,SE,0,37,10,1012,26
2013-03-21 - 1500,35,17,SSE,0,39,10,1009,46
2013-03-21 - 1800,28,17,SSE,0,61,10,1012,44
2013-03-22 - 0,26,12,SSE,0,82,10,1013,15
2013-03-22 - 300,25,10,SE,0,86,10,1012,11
2013-03-22 - 600,26,13,ESE,0,81,10,1014,6
2013-03-22 - 900,32,12,ESE,0,49,10,1014,8
2013-03-22 - 1200,37,10,SE,0,36,10,1012,26
2013-03-22 - 1500,34,16,SSE,0,41,10,1009,46
2013-03-22 - 1800,29,17,SSE,0,61,10,1012,44
2013-03-23 - 0,26,10,SE,0,80,10,1013,15
2013-03-23 - 300,25,7,SE,0,85,10,1012,11
2013-03-23 - 600,27,9,ESE,0,81,10,1014,6
2013-03-23 - 900,33,5,ESE,0,52,10,1014,8
2013-03-23 - 1200,37,3,SSE,0,39,10,1012,26
2013-03-23 - 1500,34,14,SSE,1,45,10,1009,46
2013-03-23 - 1800,29,17,SE,0,61,10,1012,44
2013-03-24 - 0,27,9,SSE,0,75,10,1013,15
2013-03-24 - 300,26,6,SSE,0,80,10,1012,11
2013-03-24 - 600,27,4,SE,0,77,10,1014,6
2013-03-24 - 900,33,5,SE,0,52,10,1014,8
2013-03-24 - 1200,37,5,SSE,0,40,10,1012,26
2013-03-24 - 1500,34,14,SE,1,50,7,1009,46
2013-03-24 - 1800,29,14,SSE,0,70,10,1012,44
2013-03-25 - 0,27,9,SSE,0,82,10,1013,15
2013-03-25 - 300,26,8,SSE,1,83,9,1012,11
2013-03-25 - 600,27,6,S,0,79,10,1014,6
2013-03-25 - 900,34,4,S,0,52,10,1014,8
2013-03-25 - 1200,37,6,S,0,41,9,1012,26
2013-03-25 - 1500,35,13,SSE,1,45,10,1009,46
2013-03-25 - 1800,30,14,SSE,0,70,9,1012,44
2013-03-26 - 0,27,10,SSE,0,80,10,1013,15
2013-03-26 - 300,26,10,SSE,0,82,10,1012,11
2013-03-26 - 600,28,10,SSE,0,78,10,1014,6
2013-03-26 - 900,32,12,SE,0,57,10,1014,8
2013-03-26 - 1200,36,14,SE,0,44,10,1012,26
2013-03-26 - 1500,34,12,SSE,1,48,9,1009,46
2013-03-26 - 1800,29,15,SSE,0,64,10,1012,44
2013-03-27 - 0,26,9,SE,0,80,10,1013,15
2013-03-27 - 300,26,6,SE,0,85,10,1012,11
2013-03-27 - 600,27,5,SSE,0,81,10,1014,6
2013-03-27 - 900,32,9,SSE,0,55,10,1014,8
2013-03-27 - 1200,36,11,SSE,0,43,10,1012,26
2013-03-27 - 1500,34,16,SE,1,48,10,1009,46
2013-03-27 - 1800,29,13,SSE,0,67,10,1012,44
2013-04-01 - 0,27,13,SE,0,79,10,1007,22
2013-04-01 - 300,27,9,ESE,0,83,10,1006,37
2013-04-01 - 600,28,10,ESE,0,77,10,1007,52
2013-04-01 - 900,34,10,ESE,0,50,10,1008,33
2013-04-01 - 1200,37,11,SE,0,37,10,1006,22
2013-04-01 - 1500,35,16,SSE,0,43,10,1004,25
2013-04-01 - 1800,30,14,SE,0,65,10,1004,59
2013-04-02 - 0,28,12,SE,0,77,10,1007,22
2013-04-02 - 300,27,9,ESE,0,80,10,1006,37
2013-04-02 - 600,28,8,E,0,75,10,1007,52
2013-04-02 - 900,34,9,ENE,0,49,10,1008,33
2013-04-02 - 1200,38,7,ESE,0,38,10,1006,22
2013-04-02 - 1500,35,14,SSE,0,46,10,1004,25
2013-04-02 - 1800,29,15,SE,0,72,10,1004,59
2013-04-03 - 0,28,14,SE,0,81,10,1007,22
2013-04-03 - 300,27,9,ESE,0,83,10,1006,37
2013-04-03 - 600,28,10,ESE,0,78,10,1007,52
2013-04-03 - 900,34,6,ESE,0,52,10,1008,33
2013-04-03 - 1200,35,10,ESE,0,48,10,1006,22
2013-04-03 - 1500,34,12,SSE,1,53,7,1004,25
2013-04-03 - 1800,30,13,SSE,0,70,10,1004,59
2013-04-04 - 0,27,9,SSE,0,80,10,1007,22
2013-04-04 - 300,27,6,SE,0,83,10,1006,37
2013-04-04 - 600,28,7,SE,0,77,10,1007,52
2013-04-04 - 900,33,9,SE,0,55,10,1008,33
2013-04-04 - 1200,35,11,S,0,49,10,1006,22
2013-04-04 - 1500,33,15,SSE,1,57,7,1004,25
2013-04-04 - 1800,30,14,S,0,72,10,1004,59
2013-04-05 - 0,28,11,SSE,0,83,10,1007,22
2013-04-05 - 300,27,8,SSE,1,87,9,1006,37
2013-04-05 - 600,28,8,SSW,0,82,10,1007,52
2013-04-05 - 900,33,9,SSW,1,58,9,1008,33
2013-04-05 - 1200,35,11,SSW,0,51,10,1006,22
2013-04-05 - 1500,34,12,S,1,52,7,1004,25
2013-04-05 - 1800,31,13,S,0,65,10,1004,59
2013-04-06 - 0,28,8,S,0,80,10,1007,22
2013-04-06 - 300,28,6,SSW,0,83,10,1006,37
2013-04-06 - 600,29,9,SW,0,76,10,1007,52
2013-04-06 - 900,34,9,WSW,0,54,10,1008,33
2013-04-06 - 1200,37,10,WSW,0,42,10,1006,22
2013-04-06 - 1500,36,8,S,1,44,10,1004,25
2013-04-06 - 1800,31,12,S,0,64,10,1004,59
2013-04-07 - 0,28,9,SSW,0,80,10,1007,22
2013-04-07 - 300,27,7,SW,0,83,10,1006,37
2013-04-07 - 600,29,3,WSW,0,78,10,1007,52
2013-04-07 - 900,34,4,ESE,0,55,10,1008,33
2013-04-07 - 1200,35,7,ESE,0,49,10,1006,22
2013-04-07 - 1500,33,14,SE,1,56,7,1004,25
2013-04-07 - 1800,29,14,SE,0,76,10,1004,59
2013-04-08 - 0,28,13,SSE,0,83,10,1007,22
2013-04-08 - 300,27,9,SE,0,84,10,1006,37
2013-04-08 - 600,28,10,ESE,0,79,10,1007,52
2013-04-08 - 900,33,12,ESE,0,56,10,1008,33
2013-04-08 - 1200,35,13,SE,0,47,10,1006,22
2013-04-08 - 1500,33,14,SE,1,53,7,1004,25
2013-04-08 - 1800,29,11,SSE,0,71,10,1004,59
2013-04-09 - 0,27,7,SSE,0,82,10,1007,22
2013-04-09 - 300,27,5,SE,0,85,10,1006,37
2013-04-09 - 600,28,6,ESE,0,81,10,1007,52
2013-04-09 - 900,32,9,ESE,0,60,10,1008,33
2013-04-09 - 1200,33,12,SE,0,56,10,1006,22
2013-04-09 - 1500,32,12,SE,1,57,9,1004,25
2013-04-09 - 1800,29,10,SE,0,70,10,1004,59
2013-04-10 - 0,28,8,ESE,0,82,10,1007,22
2013-04-10 - 300,27,6,ENE,0,83,10,1006,37
2013-04-10 - 600,28,12,E,0,75,10,1007,52
2013-04-10 - 900,31,10,E,0,56,10,1008,33
2013-04-10 - 1200,35,10,ESE,0,45,10,1006,22
2013-04-10 - 1500,33,12,SE,1,55,10,1004,25
2013-04-10 - 1800,29,12,SE,0,75,10,1004,59
2013-04-11 - 0,28,5,ESE,0,81,10,1007,22
2013-04-11 - 300,27,5,NNE,0,82,10,1006,37
2013-04-11 - 600,28,9,NNE,0,80,10,1007,52
2013-04-11 - 900,32,3,ENE,1,62,7,1008,33
2013-04-11 - 1200,33,6,SSE,0,55,10,1006,22
2013-04-11 - 1500,30,5,SE,1,70,7,1004,25
2013-04-11 - 1800,28,12,ESE,0,76,10,1004,59
2013-04-12 - 0,27,8,E,0,82,10,1007,22
2013-04-12 - 300,26,8,NE,0,84,10,1006,37
2013-04-12 - 600,27,6,NNE,0,80,10,1007,52
2013-04-12 - 900,33,5,NE,0,55,10,1008,33
2013-04-12 - 1200,35,8,E,0,41,10,1006,22
2013-04-12 - 1500,33,9,E,0,48,10,1004,25
2013-04-12 - 1800,29,8,SE,0,67,10,1004,59
2013-04-13 - 0,27,13,E,0,68,10,1007,22
2013-04-13 - 300,26,9,ENE,0,72,10,1006,37
2013-04-13 - 600,27,10,ENE,0,67,10,1007,52
2013-04-13 - 900,31,13,ENE,0,50,10,1008,33
2013-04-13 - 1200,31,12,ENE,0,54,10,1006,22
2013-04-13 - 1500,29,8,ENE,1,62,10,1004,25
2013-04-13 - 1800,28,8,SE,0,69,10,1004,59
2013-04-14 - 0,26,8,NE,0,76,10,1007,22
2013-04-14 - 300,26,8,NE,0,77,10,1006,37
2013-04-14 - 600,27,8,ENE,0,70,10,1007,52
2013-04-14 - 900,33,9,ENE,0,48,10,1008,33
2013-04-14 - 1200,37,8,ESE,0,36,10,1006,22
2013-04-14 - 1500,35,14,SSE,0,41,10,1004,25
2013-04-14 - 1800,29,20,SE,0,63,10,1004,59
2013-04-15 - 0,27,12,ESE,0,76,10,1007,22
2013-04-15 - 300,26,8,ESE,0,80,10,1006,37
2013-04-15 - 600,28,12,E,0,72,10,1007,52
2013-04-15 - 900,33,12,E,0,48,10,1008,33
2013-04-15 - 1200,37,10,SE,0,36,10,1006,22
2013-04-15 - 1500,35,17,SSE,0,40,10,1004,25
2013-04-15 - 1800,30,16,SSE,0,63,10,1004,59
2013-04-16 - 0,27,9,SE,0,78,10,1007,22
2013-04-16 - 300,27,8,SE,0,83,10,1006,37
2013-04-16 - 600,28,10,ESE,0,76,10,1007,52
2013-04-16 - 900,33,11,ESE,0,50,10,1008,33
2013-04-16 - 1200,36,10,SSE,0,39,10,1006,22
2013-04-16 - 1500,35,18,SSE,0,44,10,1004,25
2013-04-16 - 1800,30,13,SSE,0,65,10,1004,59
2013-04-17 - 0,28,11,SE,0,78,10,1007,22
2013-04-17 - 300,27,9,SE,1,83,9,1006,37
2013-04-17 - 600,29,10,SE,0,76,10,1007,52
2013-04-17 - 900,33,12,SSE,0,54,10,1008,33
2013-04-17 - 1200,36,16,S,0,42,10,1006,22
2013-04-17 - 1500,34,17,S,1,49,7,1004,25
2013-04-17 - 1800,29,13,SSW,0,68,10,1004,59
2013-04-18 - 0,28,8,SSE,0,75,10,1007,22
2013-04-18 - 300,27,7,SSE,0,78,10,1006,37
2013-04-18 - 600,28,7,S,0,73,10,1007,52
2013-04-18 - 900,33,10,SW,1,56,9,1008,33
2013-04-18 - 1200,36,10,SW,0,40,10,1006,22
2013-04-18 - 1500,36,11,SSW,0,40,10,1004,25
2013-04-18 - 1800,31,11,SSE,0,63,10,1004,59
2013-04-19 - 0,28,7,SSE,0,79,10,1007,22
2013-04-19 - 300,27,6,S,0,82,10,1006,37
2013-04-19 - 600,29,4,S,0,76,10,1007,52
2013-04-19 - 900,34,7,SSE,0,53,10,1008,33
2013-04-19 - 1200,36,13,SSE,0,42,10,1006,22
2013-04-19 - 1500,35,15,SSE,1,46,9,1004,25
2013-04-19 - 1800,30,13,SSE,0,62,10,1004,59
2013-04-20 - 0,28,10,SSE,0,74,10,1007,22
2013-04-20 - 300,27,7,SE,0,77,10,1006,37
2013-04-20 - 600,28,5,SE,0,72,10,1007,52
2013-04-20 - 900,33,7,SSE,0,50,10,1008,33
2013-04-20 - 1200,35,12,SSE,0,43,10,1006,22
2013-04-20 - 1500,34,14,SSE,1,45,9,1004,25
2013-04-20 - 1800,30,12,SSE,0,58,10,1004,59
2013-04-21 - 0,27,9,SSE,0,72,10,1007,22
2013-04-21 - 300,26,7,SSE,0,77,10,1006,37
2013-04-21 - 600,28,4,SE,0,72,10,1007,52
2013-04-21 - 900,32,9,SE,0,51,10,1008,33
2013-04-21 - 1200,35,12,SE,0,44,10,1006,22
2013-04-21 - 1500,34,13,SSE,1,46,9,1004,25
2013-04-21 - 1800,29,11,SSE,0,64,10,1004,59
2013-04-22 - 0,27,7,SE,0,72,10,1007,22
2013-04-22 - 300,27,2,SE,0,76,10,1006,37
2013-04-22 - 600,28,5,ENE,0,72,10,1007,52
2013-04-22 - 900,33,8,ENE,0,50,10,1008,33
2013-04-22 - 1200,37,10,SE,0,39,10,1006,22
2013-04-22 - 1500,33,17,SE,1,54,7,1004,25
2013-04-22 - 1800,30,14,SE,0,69,10,1004,59
2013-04-23 - 0,28,8,SSE,0,76,10,1007,22
2013-04-23 - 300,27,4,SSE,0,79,10,1006,37
2013-04-23 - 600,28,6,E,0,74,10,1007,52
2013-04-23 - 900,30,8,ESE,1,66,7,1008,33
2013-04-23 - 1200,29,6,SSE,0,72,10,1006,22
2013-04-23 - 1500,29,4,SSE,0,71,2,1004,25
2013-04-23 - 1800,27,2,WNW,0,80,10,1004,59
2013-04-24 - 0,26,3,NNW,0,84,10,1007,22
2013-04-24 - 300,26,4,N,0,86,10,1006,37
2013-04-24 - 600,28,8,E,0,75,10,1007,52
2013-04-24 - 900,33,11,ESE,0,51,10,1008,33
2013-04-24 - 1200,36,15,SE,0,43,10,1006,22
2013-04-24 - 1500,34,19,SE,0,48,10,1004,25
2013-04-24 - 1800,29,15,SSE,0,69,10,1004,59
2013-04-25 - 0,27,9,SE,0,82,10,1007,22
2013-04-25 - 300,26,7,ESE,0,85,10,1006,37
2013-04-25 - 600,28,9,ESE,0,79,10,1007,52
2013-04-25 - 900,33,12,ESE,0,54,10,1008,33
2013-04-25 - 1200,35,15,SSE,0,43,10,1006,22
2013-04-25 - 1500,33,21,SSE,0,50,10,1004,25
2013-04-25 - 1800,29,14,SSE,0,69,10,1004,59
2013-04-26 - 0,27,8,SSE,0,82,10,1007,22
2013-04-26 - 300,26,5,SE,1,87,9,1006,37
2013-04-26 - 600,28,5,SE,0,79,10,1007,52
2013-04-26 - 900,33,7,SE,0,53,10,1008,33
2013-04-26 - 1200,35,9,SSE,0,47,10,1006,22
2013-04-26 - 1500,33,8,SSE,1,53,7,1004,25
2013-04-26 - 1800,29,14,SSE,0,70,10,1004,59
2013-04-27 - 0,27,8,SSE,0,82,10,1007,22
2013-04-27 - 300,27,6,SE,0,84,10,1006,37
2013-04-27 - 600,28,1,SSE,0,78,10,1007,52
2013-04-27 - 900,33,3,WSW,0,55,10,1008,33
2013-04-27 - 1200,34,3,W,0,50,10,1006,22
2013-04-27 - 1500,34,5,SE,1,51,9,1004,25
2013-04-27 - 1800,29,6,SE,0,71,10,1004,59
2013-05-01 - 0,27,8,SSE,0,78,10,1009,17
2013-05-01 - 300,27,6,SE,0,82,10,1008,15
2013-05-01 - 600,29,1,ESE,0,75,10,1010,11
2013-05-01 - 900,34,4,W,0,50,10,1009,10
2013-05-01 - 1200,37,4,SW,0,40,10,1008,51
2013-05-01 - 1500,35,13,SSW,1,44,9,1005,45
2013-05-01 - 1800,29,9,S,0,72,10,1008,63
2013-05-02 - 0,28,8,SSW,0,81,10,1009,17
2013-05-02 - 300,27,5,SSW,0,84,10,1008,15
2013-05-02 - 600,28,2,S,0,77,10,1010,11
2013-05-02 - 900,33,5,SSW,0,54,10,1009,10
2013-05-02 - 1200,35,9,SSW,0,48,10,1008,51
2013-05-02 - 1500,33,7,S,1,54,7,1005,45
2013-05-02 - 1800,29,11,SE,0,74,10,1008,63
2013-05-03 - 0,27,9,SSE,0,83,10,1009,17
2013-05-03 - 300,27,5,SSE,0,86,10,1008,15
2013-05-03 - 600,28,4,SSE,0,80,10,1010,11
2013-05-03 - 900,34,3,S,0,57,10,1009,10
2013-05-03 - 1200,36,6,SSE,0,46,10,1008,51
2013-05-03 - 1500,34,14,SSE,1,51,9,1005,45
2013-05-03 - 1800,29,11,SSE,0,71,10,1008,63
2013-05-04 - 0,28,8,SE,0,81,10,1009,17
2013-05-04 - 300,27,6,ESE,0,84,10,1008,15
2013-05-04 - 600,28,6,ESE,0,77,10,1010,11
2013-05-04 - 900,33,8,SE,0,56,10,1009,10
2013-05-04 - 1200,35,12,SE,0,49,10,1008,51
2013-05-04 - 1500,33,12,SE,1,57,7,1005,45
2013-05-04 - 1800,29,7,ESE,0,75,10,1008,63
2013-05-05 - 0,28,8,ESE,0,80,10,1009,17
2013-05-05 - 300,27,7,E,0,83,10,1008,15
2013-05-05 - 600,28,10,E,0,76,10,1010,11
2013-05-05 - 900,33,12,E,0,52,10,1009,10
2013-05-05 - 1200,36,13,ESE,0,40,10,1008,51
2013-05-05 - 1500,35,16,ESE,0,45,10,1005,45
2013-05-05 - 1800,30,10,SE,0,64,10,1008,63
2013-05-06 - 0,28,8,ESE,0,71,10,1009,17
2013-05-06 - 300,28,8,E,0,72,10,1008,15
2013-05-06 - 600,29,10,ENE,0,68,10,1010,11
2013-05-06 - 900,34,12,ENE,0,49,10,1009,10
2013-05-06 - 1200,36,6,NE,0,42,10,1008,51
2013-05-06 - 1500,33,6,E,1,58,10,1005,45
2013-05-06 - 1800,29,3,E,0,76,10,1008,63
2013-05-07 - 0,28,1,SE,0,82,10,1009,17
2013-05-07 - 300,28,3,NE,0,84,10,1008,15
2013-05-07 - 600,28,8,ENE,0,79,10,1010,11
2013-05-07 - 900,33,8,NE,0,58,10,1009,10
2013-05-07 - 1200,34,4,NE,0,53,10,1008,51
2013-05-07 - 1500,33,4,ESE,1,56,7,1005,45
2013-05-07 - 1800,29,4,E,0,79,10,1008,63
2013-05-08 - 0,28,3,ESE,0,83,10,1009,17
2013-05-08 - 300,28,3,E,0,84,10,1008,15
2013-05-08 - 600,29,6,E,0,79,10,1010,11
2013-05-08 - 900,34,5,ESE,1,57,9,1009,10
2013-05-08 - 1200,35,8,SE,0,51,10,1008,51
2013-05-08 - 1500,32,15,SE,1,64,7,1005,45
2013-05-08 - 1800,29,9,SE,0,79,10,1008,63
2013-05-09 - 0,28,9,SE,0,86,9,1009,17
2013-05-09 - 300,27,9,ESE,0,88,9,1008,15
2013-05-09 - 600,28,5,SE,0,84,10,1010,11
2013-05-09 - 900,32,8,SE,1,64,9,1009,10
2013-05-09 - 1200,35,10,SSE,0,52,10,1008,51
2013-05-09 - 1500,33,14,SE,1,57,9,1005,45
2013-05-09 - 1800,29,10,SSE,0,73,10,1008,63
2013-05-10 - 0,27,6,SSE,0,81,10,1009,17
2013-05-10 - 300,27,4,ESE,0,84,10,1008,15
2013-05-10 - 600,29,3,SE,0,78,10,1010,11
2013-05-10 - 900,34,4,SSW,0,55,10,1009,10
2013-05-10 - 1200,36,8,SSW,0,47,10,1008,51
2013-05-10 - 1500,34,10,S,1,53,9,1005,45
2013-05-10 - 1800,30,6,SSE,0,72,10,1008,63
2013-05-11 - 0,28,7,S,0,80,10,1009,17
2013-05-11 - 300,27,5,S,0,83,10,1008,15
2013-05-11 - 600,29,7,SSW,0,76,10,1010,11
2013-05-11 - 900,33,9,SW,0,57,10,1009,10
2013-05-11 - 1200,36,9,SW,0,46,10,1008,51
2013-05-11 - 1500,35,10,SSW,1,51,10,1005,45
2013-05-11 - 1800,30,9,SSE,0,72,9,1008,63
2013-05-12 - 0,28,7,SSE,0,79,10,1009,17
2013-05-12 - 300,28,4,S,1,82,9,1008,15
2013-05-12 - 600,29,5,SSW,0,75,10,1010,11
2013-05-12 - 900,33,8,SSW,0,55,10,1009,10
2013-05-12 - 1200,34,11,SSW,0,53,10,1008,51
2013-05-12 - 1500,32,15,SSW,1,65,7,1005,45
2013-05-12 - 1800,28,7,SW,0,84,9,1008,63
2013-05-13 - 0,27,5,SSW,0,84,10,1009,17
2013-05-13 - 300,27,3,SW,0,86,10,1008,15
2013-05-13 - 600,28,4,WSW,0,80,9,1010,11
2013-05-13 - 900,33,8,WSW,0,58,9,1009,10
2013-05-13 - 1200,35,8,WSW,0,45,10,1008,51
2013-05-13 - 1500,35,9,SW,1,46,9,1005,45
2013-05-13 - 1800,30,7,SSW,0,70,10,1008,63
2013-05-14 - 0,28,9,SSW,0,82,10,1009,17
2013-05-14 - 300,27,7,SSW,0,85,10,1008,15
2013-05-14 - 600,29,7,WSW,0,78,10,1010,11
2013-05-14 - 900,33,8,WSW,0,57,10,1009,10
2013-05-14 - 1200,36,8,W,0,45,10,1008,51
2013-05-14 - 1500,35,7,SW,1,51,7,1005,45
2013-05-14 - 1800,31,7,SSW,0,65,10,1008,63
2013-05-15 - 0,29,9,SW,0,79,10,1009,17
2013-05-15 - 300,28,8,SW,0,82,10,1008,15
2013-05-15 - 600,29,11,WSW,0,76,10,1010,11
2013-05-15 - 900,33,9,WSW,0,56,10,1009,10
2013-05-15 - 1200,35,10,SW,0,48,9,1008,51
2013-05-15 - 1500,34,12,SW,1,56,10,1005,45
2013-05-15 - 1800,30,6,SSW,0,72,9,1008,63
2013-05-16 - 0,28,7,SW,0,81,10,1009,17
2013-05-16 - 300,28,7,SSW,0,83,10,1008,15
2013-05-16 - 600,29,8,SW,0,80,10,1010,11
2013-05-16 - 900,33,12,SW,0,62,10,1009,10
2013-05-16 - 1200,35,12,SW,0,54,9,1008,51
2013-05-16 - 1500,33,9,SW,1,59,7,1005,45
2013-05-16 - 1800,30,9,SW,0,73,10,1008,63
2013-05-17 - 0,28,9,SSW,0,82,10,1009,17
2013-05-17 - 300,27,8,SW,1,86,9,1008,15
2013-05-17 - 600,29,6,SW,0,80,10,1010,11
2013-05-17 - 900,33,6,SSW,0,58,10,1009,10
2013-05-17 - 1200,35,11,SSW,0,53,9,1008,51
2013-05-17 - 1500,32,13,SSW,1,64,7,1005,45
2013-05-17 - 1800,29,9,S,0,78,10,1008,63
2013-05-18 - 0,27,6,SSW,0,84,10,1009,17
2013-05-18 - 300,27,3,SSW,0,87,10,1008,15
2013-05-18 - 600,29,7,SSW,0,78,10,1010,11
2013-05-18 - 900,33,11,SW,0,59,10,1009,10
2013-05-18 - 1200,34,12,SW,0,52,10,1008,51
2013-05-18 - 1500,32,9,SSW,1,66,3,1005,45
2013-05-18 - 1800,29,7,SSW,0,76,10,1008,63
2013-05-19 - 0,27,5,S,0,84,10,1009,17
2013-05-19 - 300,27,3,S,0,87,10,1008,15
2013-05-19 - 600,28,6,WSW,0,80,10,1010,11
2013-05-19 - 900,32,10,WSW,1,62,9,1009,10
2013-05-19 - 1200,34,12,SW,0,54,10,1008,51
2013-05-19 - 1500,32,13,SSW,1,62,7,1005,45
2013-05-19 - 1800,29,8,SSW,0,78,10,1008,63
2013-05-20 - 0,27,9,SW,0,84,10,1009,17
2013-05-20 - 300,26,5,SW,0,86,10,1008,15
2013-05-20 - 600,28,7,WSW,0,79,10,1010,11
2013-05-20 - 900,32,9,WSW,0,61,10,1009,10
2013-05-20 - 1200,34,12,WSW,0,52,10,1008,51
2013-05-20 - 1500,31,14,SW,1,66,3,1005,45
2013-05-20 - 1800,28,7,SSW,0,82,10,1008,63
2013-05-21 - 0,27,8,SW,0,85,10,1009,17
2013-05-21 - 300,26,6,SSW,0,87,10,1008,15
2013-05-21 - 600,28,8,WSW,0,81,10,1010,11
2013-05-21 - 900,32,12,WSW,0,62,9,1009,10
2013-05-21 - 1200,34,12,SW,0,58,9,1008,51
2013-05-21 - 1500,33,10,SSW,1,63,7,1005,45
2013-05-21 - 1800,29,9,S,0,76,10,1008,63
2013-05-22 - 0,27,8,SSW,0,85,10,1009,17
2013-05-22 - 300,26,6,SSW,0,88,10,1008,15
2013-05-22 - 600,28,8,SW,0,85,10,1010,11
2013-05-22 - 900,33,10,SW,0,61,10,1009,10
2013-05-22 - 1200,35,12,SW,0,50,9,1008,51
2013-05-22 - 1500,33,17,SSW,1,59,7,1005,45
2013-05-22 - 1800,29,9,S,0,75,10,1008,63
2013-05-23 - 0,28,9,WSW,0,86,9,1009,17
2013-05-23 - 300,27,8,WSW,1,89,7,1008,15
2013-05-23 - 600,28,9,SSW,0,85,10,1010,11
2013-05-23 - 900,32,10,SW,0,61,10,1009,10
2013-05-23 - 1200,35,11,SSW,0,51,9,1008,51
2013-05-23 - 1500,32,12,SW,1,65,7,1005,45
2013-05-23 - 1800,29,6,SW,0,81,10,1008,63
2013-05-24 - 0,27,10,SSW,0,87,10,1009,17
2013-05-24 - 300,26,6,SSW,0,89,10,1008,15
2013-05-24 - 600,28,6,SSW,0,82,10,1010,11
2013-05-24 - 900,32,9,SW,0,62,10,1009,10
2013-05-24 - 1200,34,10,SW,0,56,10,1008,51
2013-05-24 - 1500,32,11,SSW,1,65,9,1005,45
2013-05-24 - 1800,28,10,SW,0,82,10,1008,63
2013-05-25 - 0,27,6,SW,0,85,10,1009,17
2013-05-25 - 300,26,5,SSW,0,87,10,1008,15
2013-05-25 - 600,27,7,SW,0,81,10,1010,11
2013-05-25 - 900,32,8,SW,0,58,10,1009,10
2013-05-25 - 1200,34,9,SW,0,49,10,1008,51
2013-05-25 - 1500,33,13,SW,1,53,9,1005,45
2013-05-25 - 1800,28,10,SSW,0,77,10,1008,63
2013-05-26 - 0,27,8,SW,0,83,10,1009,17
2013-05-26 - 300,26,7,SW,0,86,10,1008,15
2013-05-26 - 600,28,5,WSW,0,81,10,1010,11
2013-05-26 - 900,32,8,W,0,60,10,1009,10
2013-05-26 - 1200,34,12,WSW,0,54,10,1008,51
2013-05-26 - 1500,32,11,SW,1,63,7,1005,45
2013-05-26 - 1800,29,8,SSW,0,78,10,1008,63
2013-05-27 - 0,27,8,SSW,0,86,10,1009,17
2013-05-27 - 300,26,5,SW,1,88,9,1008,15
2013-05-27 - 600,27,8,WSW,0,82,10,1010,11
2013-05-27 - 900,32,9,W,0,60,10,1009,10
2013-05-27 - 1200,35,9,WSW,0,50,10,1008,51
2013-05-27 - 1500,33,12,WSW,1,57,10,1005,45
2013-05-27 - 1800,29,8,SW,0,73,10,1008,63
2013-06-01 - 0,26,5,SE,0,85,10,1009,52
2013-06-01 - 300,26,5,E,0,87,10,1008,29
2013-06-01 - 600,27,7,E,0,83,10,1009,32
2013-06-01 - 900,32,8,E,1,62,9,1009,35
2013-06-01 - 1200,35,8,SE,0,49,10,1006,32
2013-06-01 - 1500,32,11,SSE,1,62,7,1004,19
2013-06-01 - 1800,27,8,ESE,0,81,10,1006,17
2013-06-02 - 0,26,6,SE,0,84,10,1009,52
2013-06-02 - 300,25,5,ESE,0,86,10,1008,29
2013-06-02 - 600,27,5,ESE,0,81,10,1009,32
2013-06-02 - 900,31,5,SE,0,64,10,1009,35
2013-06-02 - 1200,33,9,SE,0,58,10,1006,32
2013-06-02 - 1500,32,10,SE,0,63,10,1004,19
2013-06-02 - 1800,28,7,SE,0,77,10,1006,17
2013-06-03 - 0,26,6,SE,0,83,10,1009,52
2013-06-03 - 300,25,6,ESE,0,85,10,1008,29
2013-06-03 - 600,27,8,ESE,0,81,10,1009,32
2013-06-03 - 900,32,11,SE,0,59,10,1009,35
2013-06-03 - 1200,34,14,SSE,0,53,10,1006,32
2013-06-03 - 1500,32,17,SSE,1,61,10,1004,19
2013-06-03 - 1800,27,8,SSE,0,81,10,1006,17
2013-06-04 - 0,26,4,SSE,0,87,10,1009,52
2013-06-04 - 300,26,4,ESE,0,89,10,1008,29
2013-06-04 - 600,27,9,ESE,0,82,10,1009,32
2013-06-04 - 900,31,9,ESE,0,63,10,1009,35
2013-06-04 - 1200,33,10,ESE,0,57,10,1006,32
2013-06-04 - 1500,30,9,SSE,0,69,10,1004,19
2013-06-04 - 1800,27,7,SSE,0,79,10,1006,17
2013-06-05 - 0,25,6,SE,0,87,10,1009,52
2013-06-05 - 300,25,5,ESE,0,88,10,1008,29
2013-06-05 - 600,27,6,E,0,81,10,1009,32
2013-06-05 - 900,32,6,SE,0,59,10,1009,35
2013-06-05 - 1200,34,12,SSE,0,53,10,1006,32
2013-06-05 - 1500,33,14,SSE,1,56,9,1004,19
2013-06-05 - 1800,28,11,SSE,0,75,10,1006,17
2013-06-06 - 0,26,3,SSE,0,83,10,1009,52
2013-06-06 - 300,25,5,E,0,84,10,1008,29
2013-06-06 - 600,27,6,NE,0,78,10,1009,32
2013-06-06 - 900,32,6,E,0,58,10,1009,35
2013-06-06 - 1200,34,8,SSE,0,51,10,1006,32
2013-06-06 - 1500,32,11,SE,1,61,7,1004,19
2013-06-06 - 1800,28,6,SE,0,80,10,1006,17
2013-06-07 - 0,26,7,SSE,0,84,10,1009,52
2013-06-07 - 300,26,4,SE,0,87,10,1008,29
2013-06-07 - 600,28,1,ESE,0,79,10,1009,32
2013-06-07 - 900,34,1,S,0,56,10,1009,35
2013-06-07 - 1200,36,4,SW,0,47,10,1006,32
2013-06-07 - 1500,33,7,SW,1,60,7,1004,19
2013-06-07 - 1800,29,8,SSE,0,78,10,1006,17
2013-06-08 - 0,27,7,SSW,0,85,10,1009,52
2013-06-08 - 300,26,5,SSW,0,88,10,1008,29
2013-06-08 - 600,28,6,SW,0,82,10,1009,32
2013-06-08 - 900,32,7,SW,0,63,10,1009,35
2013-06-08 - 1200,34,8,SW,0,57,10,1006,32
2013-06-08 - 1500,33,10,SSW,1,62,7,1004,19
2013-06-08 - 1800,29,6,SW,0,80,10,1006,17
2013-06-09 - 0,27,6,SW,0,89,10,1009,52
2013-06-09 - 300,26,5,SW,0,91,10,1008,29
2013-06-09 - 600,28,5,W,0,86,10,1009,32
2013-06-09 - 900,33,7,WNW,0,65,10,1009,35
2013-06-09 - 1200,35,7,W,0,55,10,1006,32
2013-06-09 - 1500,32,11,SW,1,68,3,1004,19
2013-06-09 - 1800,29,10,WSW,0,82,10,1006,17
2013-06-10 - 0,27,13,WSW,0,89,10,1009,52
2013-06-10 - 300,26,12,WSW,0,91,10,1008,29
2013-06-10 - 600,28,13,WSW,0,85,10,1009,32
2013-06-10 - 900,32,15,W,0,64,10,1009,35
2013-06-10 - 1200,35,13,W,0,52,10,1006,32
2013-06-10 - 1500,34,12,WSW,1,56,10,1004,19
2013-06-10 - 1800,29,8,WSW,0,79,10,1006,17
2013-06-11 - 0,27,9,WSW,0,86,10,1009,52
2013-06-11 - 300,26,6,SW,0,89,10,1008,29
2013-06-11 - 600,28,9,SW,0,85,10,1009,32
2013-06-11 - 900,31,12,W,0,69,10,1009,35
2013-06-11 - 1200,34,13,WSW,0,57,10,1006,32
2013-06-11 - 1500,32,13,SW,1,66,7,1004,19
2013-06-11 - 1800,28,12,SSW,0,84,10,1006,17
2013-06-12 - 0,26,8,SW,0,89,10,1009,52
2013-06-12 - 300,26,4,SW,0,90,10,1008,29
2013-06-12 - 600,27,5,SW,0,84,10,1009,32
2013-06-12 - 900,31,8,WSW,1,64,9,1009,35
2013-06-12 - 1200,32,14,SW,0,64,10,1006,32
2013-06-12 - 1500,29,12,SSW,1,80,10,1004,19
2013-06-12 - 1800,27,6,SSW,0,87,10,1006,17
2013-06-13 - 0,26,6,SSW,0,91,10,1009,52
2013-06-13 - 300,25,4,WSW,1,93,9,1008,29
2013-06-13 - 600,26,5,WSW,0,91,10,1009,32
2013-06-13 - 900,27,5,SW,0,83,5,1009,35
2013-06-13 - 1200,30,15,WSW,0,74,10,1006,32
2013-06-13 - 1500,26,15,SW,1,88,7,1004,19
2013-06-13 - 1800,26,11,SW,0,93,10,1006,17
2013-06-14 - 0,25,8,WSW,0,95,2,1009,52
2013-06-14 - 300,24,9,WSW,1,95,9,1008,29
2013-06-14 - 600,25,10,W,0,92,10,1009,32
2013-06-14 - 900,28,15,WSW,1,81,10,1009,35
2013-06-14 - 1200,27,15,WSW,0,86,10,1006,32
2013-06-14 - 1500,28,12,SW,1,79,10,1004,19
2013-06-14 - 1800,26,11,SW,0,91,10,1006,17
2013-06-15 - 0,24,11,SW,0,96,2,1009,52
2013-06-15 - 300,24,11,WSW,1,96,9,1008,29
2013-06-15 - 600,25,8,W,0,92,10,1009,32
2013-06-15 - 900,28,10,WSW,1,76,10,1009,35
2013-06-15 - 1200,29,15,WSW,0,75,10,1006,32
2013-06-15 - 1500,27,11,WSW,1,82,9,1004,19
2013-06-15 - 1800,26,5,SW,0,89,10,1006,17
2013-06-16 - 0,25,8,SW,0,91,10,1009,52
2013-06-16 - 300,24,8,SW,0,92,10,1008,29
2013-06-16 - 600,25,7,SW,0,89,10,1009,32
2013-06-16 - 900,27,12,WSW,1,83,10,1009,35
2013-06-16 - 1200,29,15,WSW,0,74,10,1006,32
2013-06-16 - 1500,28,10,WSW,0,81,10,1004,19
2013-06-16 - 1800,25,8,SW,0,91,10,1006,17
2013-06-17 - 0,25,8,SW,0,94,2,1009,52
2013-06-17 - 300,24,6,SW,0,97,2,1008,29
2013-06-17 - 600,26,8,SW,0,91,10,1009,32
2013-06-17 - 900,30,16,WSW,1,72,10,1009,35
2013-06-17 - 1200,29,13,SW,0,76,10,1006,32
2013-06-17 - 1500,29,12,SW,1,78,10,1004,19
2013-06-17 - 1800,26,8,W,0,89,10,1006,17
2013-06-18 - 0,25,9,SW,0,91,10,1009,52
2013-06-18 - 300,24,7,SW,0,92,10,1008,29
2013-06-18 - 600,26,12,WSW,0,87,10,1009,32
2013-06-18 - 900,26,11,WSW,1,88,9,1009,35
2013-06-18 - 1200,29,9,W,0,77,10,1006,32
2013-06-18 - 1500,31,14,WSW,1,70,9,1004,19
2013-06-18 - 1800,27,12,WSW,0,88,10,1006,17
2013-06-19 - 0,26,10,SW,0,93,10,1009,52
2013-06-19 - 300,25,12,SW,1,94,9,1008,29
2013-06-19 - 600,27,16,SW,0,88,10,1009,32
2013-06-19 - 900,31,19,WSW,1,70,10,1009,35
2013-06-19 - 1200,31,17,WSW,0,69,9,1006,32
2013-06-19 - 1500,29,9,W,1,81,7,1004,19
2013-06-19 - 1800,27,9,WSW,0,88,9,1006,17
2013-06-20 - 0,26,9,WSW,0,90,10,1009,52
2013-06-20 - 300,25,9,WSW,1,93,9,1008,29
2013-06-20 - 600,27,14,WSW,0,89,10,1009,32
2013-06-20 - 900,31,20,W,1,70,10,1009,35
2013-06-20 - 1200,31,15,W,0,73,10,1006,32
2013-06-20 - 1500,28,11,WSW,1,86,7,1004,19
2013-06-20 - 1800,27,12,W,0,90,10,1006,17
2013-06-21 - 0,25,8,WSW,0,94,2,1009,52
2013-06-21 - 300,25,8,WSW,1,95,8,1008,29
2013-06-21 - 600,26,13,WSW,0,89,10,1009,32
2013-06-21 - 900,30,16,W,1,73,10,1009,35
2013-06-21 - 1200,30,13,W,0,73,10,1006,32
2013-06-21 - 1500,27,9,W,1,90,7,1004,19
2013-06-21 - 1800,26,6,WSW,0,94,10,1006,17
2013-06-22 - 0,25,8,SW,0,96,2,1009,52
2013-06-22 - 300,25,9,WSW,1,97,10,1008,29
2013-06-22 - 600,26,14,WSW,0,92,10,1009,32
2013-06-22 - 900,30,19,W,1,74,9,1009,35
2013-06-22 - 1200,30,17,W,0,74,10,1006,32
2013-06-22 - 1500,27,12,WSW,1,88,3,1004,19
2013-06-22 - 1800,26,12,WSW,0,92,10,1006,17
2013-06-23 - 0,25,11,SW,0,94,2,1009,52
2013-06-23 - 300,25,10,SW,0,94,2,1008,29
2013-06-23 - 600,26,10,SW,0,89,10,1009,32
2013-06-23 - 900,29,15,SW,0,74,9,1009,35
2013-06-23 - 1200,31,16,SW,0,71,10,1006,32
2013-06-23 - 1500,29,12,SW,1,81,10,1004,19
2013-06-23 - 1800,26,9,SSW,0,88,10,1006,17
2013-06-24 - 0,25,7,SSW,0,93,10,1009,52
2013-06-24 - 300,24,6,SSW,0,94,10,1008,29
2013-06-24 - 600,26,4,SW,0,91,10,1009,32
2013-06-24 - 900,30,8,SW,0,72,10,1009,35
2013-06-24 - 1200,31,10,SW,0,69,9,1006,32
2013-06-24 - 1500,30,10,SW,1,73,10,1004,19
2013-06-24 - 1800,27,4,S,0,89,10,1006,17
2013-06-25 - 0,26,5,S,0,91,10,1009,52
2013-06-25 - 300,25,5,SSW,0,93,10,1008,29
2013-06-25 - 600,27,7,W,0,87,10,1009,32
2013-06-25 - 900,31,10,W,0,65,10,1009,35
2013-06-25 - 1200,34,10,WSW,0,56,9,1006,32
2013-06-25 - 1500,32,9,WSW,1,62,9,1004,19
2013-06-25 - 1800,28,7,WSW,0,77,9,1006,17
2013-06-26 - 0,25,8,SW,0,86,10,1009,52
2013-06-26 - 300,25,7,SW,0,89,10,1008,29
2013-06-26 - 600,26,7,W,0,85,10,1009,32
2013-06-26 - 900,31,8,W,0,65,10,1009,35
2013-06-26 - 1200,34,9,WNW,0,54,9,1006,32
2013-06-26 - 1500,32,11,WSW,1,62,9,1004,19
2013-06-26 - 1800,27,6,SW,0,86,10,1006,17
2013-06-27 - 0,25,7,WSW,0,91,10,1009,52
2013-06-27 - 300,25,6,WSW,0,93,10,1008,29
2013-06-27 - 600,26,6,W,0,89,10,1009,32
2013-06-27 - 900,31,9,WSW,0,68,10,1009,35
2013-06-27 - 1200,33,10,WSW,0,56,9,1006,32
2013-06-27 - 1500,32,10,SW,1,61,10,1004,19
2013-06-27 - 1800,27,6,WSW,0,83,9,1006,17
2013-07-01 - 0,26,8,WSW,0,88,10,1010,81
2013-07-01 - 300,25,8,W,0,89,10,1009,83
2013-07-01 - 600,27,6,W,0,83,10,1010,31
2013-07-01 - 900,31,10,WSW,0,63,10,1010,26
2013-07-01 - 1200,33,7,WSW,0,56,10,1008,31
2013-07-01 - 1500,31,12,SSW,1,69,7,1007,60
2013-07-01 - 1800,27,11,SW,0,87,10,1009,81
2013-07-02 - 0,26,9,SW,0,94,10,1010,81
2013-07-02 - 300,25,9,SW,1,95,9,1009,83
2013-07-02 - 600,27,11,WSW,0,90,10,1010,31
2013-07-02 - 900,30,11,WSW,0,73,10,1010,26
2013-07-02 - 1200,32,10,SW,0,66,9,1008,31
2013-07-02 - 1500,31,9,SW,1,72,10,1007,60
2013-07-02 - 1800,27,8,SSW,0,88,9,1009,81
2013-07-03 - 0,26,5,SSW,0,93,10,1010,81
2013-07-03 - 300,25,4,S,0,93,10,1009,83
2013-07-03 - 600,26,5,SSW,0,90,10,1010,31
2013-07-03 - 900,30,8,WSW,0,71,10,1010,26
2013-07-03 - 1200,32,8,W,0,64,9,1008,31
2013-07-03 - 1500,30,10,SW,1,74,7,1007,60
2013-07-03 - 1800,26,4,SSW,0,93,10,1009,81
2013-07-04 - 0,25,4,SW,0,95,2,1010,81
2013-07-04 - 300,25,3,WSW,0,95,2,1009,83
2013-07-04 - 600,26,2,SSW,0,89,10,1010,31
2013-07-04 - 900,31,4,SSE,0,68,10,1010,26
2013-07-04 - 1200,33,6,S,0,60,10,1008,31
2013-07-04 - 1500,31,10,SSE,1,68,7,1007,60
2013-07-04 - 1800,26,12,SW,0,86,10,1009,81
2013-07-05 - 0,25,5,SW,0,94,2,1010,81
2013-07-05 - 300,25,3,WSW,0,96,2,1009,83
2013-07-05 - 600,26,2,NW,0,89,10,1010,31
2013-07-05 - 900,31,2,WNW,0,68,10,1010,26
2013-07-05 - 1200,32,5,S,0,65,10,1008,31
2013-07-05 - 1500,29,12,SSE,1,76,7,1007,60
2013-07-05 - 1800,26,12,SSW,0,90,10,1009,81
2013-07-06 - 0,25,4,WSW,0,95,2,1010,81
2013-07-06 - 300,24,3,W,1,96,10,1009,83
2013-07-06 - 600,26,2,ENE,0,89,10,1010,31
2013-07-06 - 900,30,6,S,1,72,9,1010,26
2013-07-06 - 1200,31,10,S,0,69,10,1008,31
2013-07-06 - 1500,30,13,S,1,72,10,1007,60
2013-07-06 - 1800,26,11,SSE,0,86,10,1009,81
2013-07-07 - 0,24,7,WSW,0,94,2,1010,81
2013-07-07 - 300,24,5,WSW,1,96,10,1009,83
2013-07-07 - 600,26,3,WSW,0,90,10,1010,31
2013-07-07 - 900,28,6,SW,1,77,10,1010,26
2013-07-07 - 1200,31,6,SW,0,65,10,1008,31
2013-07-07 - 1500,29,7,SW,0,76,10,1007,60
2013-07-07 - 1800,26,7,S,0,86,10,1009,81
2013-07-08 - 0,25,6,SSW,0,93,10,1010,81
2013-07-08 - 300,24,5,SSW,0,93,10,1009,83
2013-07-08 - 600,25,3,SW,0,88,10,1010,31
2013-07-08 - 900,30,5,WSW,0,67,10,1010,26
2013-07-08 - 1200,32,6,SW,0,59,10,1008,31
2013-07-08 - 1500,30,11,SSW,1,75,7,1007,60
2013-07-08 - 1800,26,8,SW,0,90,10,1009,81
2013-07-09 - 0,25,8,SW,0,94,2,1010,81
2013-07-09 - 300,24,5,WSW,1,94,10,1009,83
2013-07-09 - 600,25,3,WSW,0,90,10,1010,31
2013-07-09 - 900,29,5,WNW,0,72,10,1010,26
2013-07-09 - 1200,31,6,W,0,62,10,1008,31
2013-07-09 - 1500,29,9,WSW,1,73,10,1007,60
2013-07-09 - 1800,26,3,WSW,0,89,10,1009,81
2013-07-10 - 0,25,2,NNW,0,90,10,1010,81
2013-07-10 - 300,24,2,NNW,0,92,10,1009,83
2013-07-10 - 600,26,5,WSW,0,86,10,1010,31
2013-07-10 - 900,30,9,WSW,0,64,10,1010,26
2013-07-10 - 1200,32,10,W,0,54,10,1008,31
2013-07-10 - 1500,31,11,WSW,0,62,10,1007,60
2013-07-10 - 1800,27,8,WSW,0,84,10,1009,81
2013-07-11 - 0,25,7,WSW,0,91,10,1010,81
2013-07-11 - 300,24,5,W,0,93,10,1009,83
2013-07-11 - 600,26,6,WNW,0,87,10,1010,31
2013-07-11 - 900,30,6,WNW,0,66,10,1010,26
2013-07-11 - 1200,33,11,WNW,0,56,10,1008,31
2013-07-11 - 1500,33,11,W,0,57,10,1007,60
2013-07-11 - 1800,27,11,WSW,0,79,10,1009,81
2013-07-12 - 0,25,10,W,0,90,10,1010,81
2013-07-12 - 300,24,7,WNW,0,93,10,1009,83
2013-07-12 - 600,26,7,NNW,0,90,10,1010,31
2013-07-12 - 900,31,13,NNW,0,68,10,1010,26
2013-07-12 - 1200,33,13,NNW,0,56,10,1008,31
2013-07-12 - 1500,33,10,NW,0,57,10,1007,60
2013-07-12 - 1800,28,11,W,0,78,10,1009,81
2013-07-13 - 0,26,8,W,0,89,10,1010,81
2013-07-13 - 300,25,7,W,0,91,10,1009,83
2013-07-13 - 600,26,7,WNW,0,85,10,1010,31
2013-07-13 - 900,31,9,NW,0,64,10,1010,26
2013-07-13 - 1200,34,9,WNW,0,54,10,1008,31
2013-07-13 - 1500,34,8,W,0,54,10,1007,60
2013-07-13 - 1800,28,8,WSW,0,80,9,1009,81
2013-07-14 - 0,26,9,SW,0,91,10,1010,81
2013-07-14 - 300,25,9,WSW,1,93,9,1009,83
2013-07-14 - 600,27,11,W,0,86,10,1010,31
2013-07-14 - 900,31,9,W,0,64,10,1010,26
2013-07-14 - 1200,34,12,WSW,0,55,10,1008,31
2013-07-14 - 1500,32,13,SW,0,65,10,1007,60
2013-07-14 - 1800,27,9,SW,0,85,10,1009,81
2013-07-15 - 0,25,10,SW,0,92,10,1010,81
2013-07-15 - 300,25,9,SW,0,94,2,1009,83
2013-07-15 - 600,26,7,WSW,0,89,10,1010,31
2013-07-15 - 900,30,9,W,0,70,10,1010,26
2013-07-15 - 1200,33,10,W,0,59,10,1008,31
2013-07-15 - 1500,28,14,SW,1,81,7,1007,60
2013-07-15 - 1800,25,14,SW,0,94,10,1009,81
2013-07-16 - 0,24,11,SW,0,95,2,1010,81
2013-07-16 - 300,24,10,SW,0,96,2,1009,83
2013-07-16 - 600,24,13,WSW,0,94,10,1010,31
2013-07-16 - 900,27,18,W,0,85,10,1010,26
2013-07-16 - 1200,28,17,W,0,78,10,1008,31
2013-07-16 - 1500,27,13,W,1,84,10,1007,60
2013-07-16 - 1800,25,12,W,0,88,10,1009,81
2013-07-17 - 0,24,10,W,0,92,10,1010,81
2013-07-17 - 300,23,9,WNW,0,93,10,1009,83
2013-07-17 - 600,24,17,WNW,0,90,10,1010,31
2013-07-17 - 900,26,13,WNW,0,82,10,1010,26
2013-07-17 - 1200,29,14,W,0,71,10,1008,31
2013-07-17 - 1500,28,13,W,1,79,10,1007,60
2013-07-17 - 1800,26,7,W,0,89,10,1009,81
2013-07-18 - 0,25,8,W,0,93,10,1010,81
2013-07-18 - 300,24,8,WNW,0,93,10,1009,83
2013-07-18 - 600,25,11,WNW,0,91,10,1010,31
2013-07-18 - 900,28,10,NW,0,75,10,1010,26
2013-07-18 - 1200,30,9,NW,0,69,10,1008,31
2013-07-18 - 1500,29,6,W,1,77,7,1007,60
2013-07-18 - 1800,26,12,WSW,0,89,10,1009,81
2013-07-19 - 0,25,10,W,0,96,2,1010,81
2013-07-19 - 300,24,9,WSW,0,96,2,1009,83
2013-07-19 - 600,25,13,WSW,0,91,10,1010,31
2013-07-19 - 900,28,15,WSW,0,77,10,1010,26
2013-07-19 - 1200,29,15,WSW,0,77,10,1008,31
2013-07-19 - 1500,27,16,WSW,0,87,10,1007,60
2013-07-19 - 1800,25,14,WSW,0,95,10,1009,81
2013-07-20 - 0,23,13,WSW,0,96,10,1010,81
2013-07-20 - 300,23,11,WSW,1,96,10,1009,83
2013-07-20 - 600,24,10,W,0,92,10,1010,31
2013-07-20 - 900,28,16,W,1,77,10,1010,26
2013-07-20 - 1200,27,17,W,0,81,10,1008,31
2013-07-20 - 1500,25,14,W,0,92,10,1007,60
2013-07-20 - 1800,25,11,WSW,0,95,2,1009,81
2013-07-21 - 0,24,9,WSW,0,96,2,1010,81
2013-07-21 - 300,24,9,WSW,0,97,2,1009,83
2013-07-21 - 600,24,12,W,0,94,10,1010,31
2013-07-21 - 900,26,15,W,1,87,9,1010,26
2013-07-21 - 1200,27,16,WNW,0,82,10,1008,31
2013-07-21 - 1500,25,9,W,1,93,9,1007,60
2013-07-21 - 1800,24,12,WSW,0,96,2,1009,81
2013-07-22 - 0,24,11,WSW,0,95,2,1010,81
2013-07-22 - 300,24,10,WSW,1,96,9,1009,83
2013-07-22 - 600,24,6,WSW,0,97,2,1010,31
2013-07-22 - 900,28,14,W,1,82,10,1010,26
2013-07-22 - 1200,29,16,W,0,78,10,1008,31
2013-07-22 - 1500,27,10,W,0,90,10,1007,60
2013-07-22 - 1800,25,12,WSW,0,95,2,1009,81
2013-07-23 - 0,24,9,WSW,0,97,0,1010,81
2013-07-23 - 300,24,8,WSW,1,97,10,1009,83
2013-07-23 - 600,25,11,SW,0,95,2,1010,31
2013-07-23 - 900,26,16,WSW,0,90,2,1010,26
2013-07-23 - 1200,27,18,WSW,0,85,10,1008,31
2013-07-23 - 1500,26,14,WSW,0,89,10,1007,60
2013-07-23 - 1800,25,10,WSW,0,95,2,1009,81
2013-07-24 - 0,24,10,SW,0,96,2,1010,81
2013-07-24 - 300,23,8,SW,0,96,2,1009,83
2013-07-24 - 600,25,8,WSW,0,93,10,1010,31
2013-07-24 - 900,28,17,WSW,1,75,10,1010,26
2013-07-24 - 1200,28,10,W,0,81,10,1008,31
2013-07-24 - 1500,28,9,SW,1,82,10,1007,60
2013-07-24 - 1800,25,10,WSW,0,92,10,1009,81
2013-07-25 - 0,24,8,SW,0,92,10,1010,81
2013-07-25 - 300,23,7,SW,0,93,10,1009,83
2013-07-25 - 600,25,9,WSW,0,91,10,1010,31
2013-07-25 - 900,29,13,WSW,0,74,10,1010,26
2013-07-25 - 1200,31,15,WSW,0,66,10,1008,31
2013-07-25 - 1500,30,14,WSW,1,71,9,1007,60
2013-07-25 - 1800,26,7,SW,0,87,10,1009,81
2013-07-26 - 0,25,9,SW,0,93,10,1010,81
2013-07-26 - 300,24,8,SW,0,94,2,1009,83
2013-07-26 - 600,26,10,WSW,0,91,10,1010,31
2013-07-26 - 900,30,15,W,1,69,10,1010,26
2013-07-26 - 1200,32,14,W,0,63,9,1008,31
2013-07-26 - 1500,31,14,WSW,1,69,10,1007,60
2013-07-26 - 1800,27,8,WSW,0,83,10,1009,81
2013-07-27 - 0,25,10,WSW,0,88,10,1010,81
2013-07-27 - 300,24,8,WSW,0,91,10,1009,83
2013-07-27 - 600,26,12,WSW,0,89,10,1010,31
2013-07-27 - 900,30,11,W,0,68,10,1010,26
2013-07-27 - 1200,32,13,W,0,62,9,1008,31
2013-07-27 - 1500,30,16,WSW,1,73,10,1007,60
2013-07-27 - 1800,26,10,SW,0,90,10,1009,81
2013-08-01 - 0,24,11,SW,0,94,2,1009,61
2013-08-01 - 300,24,11,WSW,0,95,2,1007,56
2013-08-01 - 600,25,12,W,0,91,10,1009,18
2013-08-01 - 900,28,15,W,1,78,10,1009,26
2013-08-01 - 1200,28,14,W,0,76,10,1008,46
2013-08-01 - 1500,28,11,W,0,75,10,1006,20
2013-08-01 - 1800,26,11,WSW,0,87,10,1007,49
2013-08-02 - 0,24,10,SW,0,94,2,1009,61
2013-08-02 - 300,24,9,WSW,0,95,2,1007,56
2013-08-02 - 600,25,15,WSW,0,90,10,1009,18
2013-08-02 - 900,29,18,WSW,1,75,10,1009,26
2013-08-02 - 1200,30,15,WSW,0,76,10,1008,46
2013-08-02 - 1500,26,15,SW,1,89,3,1006,20
2013-08-02 - 1800,25,12,SW,0,93,10,1007,49
2013-08-03 - 0,24,10,SSW,0,94,2,1009,61
2013-08-03 - 300,24,10,SSW,0,95,2,1007,56
2013-08-03 - 600,25,12,SW,0,90,10,1009,18
2013-08-03 - 900,29,16,SW,0,74,10,1009,26
2013-08-03 - 1200,29,15,SSW,0,75,10,1008,46
2013-08-03 - 1500,27,10,SW,0,85,10,1006,20
2013-08-03 - 1800,25,8,S,0,94,10,1007,49
2013-08-04 - 0,24,4,SW,0,96,2,1009,61
2013-08-04 - 300,24,2,SSW,0,96,2,1007,56
2013-08-04 - 600,25,4,WSW,0,91,10,1009,18
2013-08-04 - 900,30,4,W,0,70,10,1009,26
2013-08-04 - 1200,32,5,W,0,62,10,1008,46
2013-08-04 - 1500,31,6,SW,0,66,10,1006,20
2013-08-04 - 1800,28,6,SW,0,78,10,1007,49
2013-08-05 - 0,26,6,SW,0,89,10,1009,61
2013-08-05 - 300,25,7,W,1,90,7,1007,56
2013-08-05 - 600,26,6,WNW,0,89,10,1009,18
2013-08-05 - 900,29,8,WNW,1,75,7,1009,26
2013-08-05 - 1200,32,13,WNW,0,65,9,1008,46
2013-08-05 - 1500,30,10,NW,1,72,10,1006,20
2013-08-05 - 1800,27,4,NW,0,86,9,1007,49
2013-08-06 - 0,25,7,SW,0,89,10,1009,61
2013-08-06 - 300,25,9,SW,1,93,10,1007,56
2013-08-06 - 600,26,4,W,0,91,10,1009,18
2013-08-06 - 900,29,9,W,1,74,9,1009,26
2013-08-06 - 1200,32,12,WNW,0,65,9,1008,46
2013-08-06 - 1500,29,10,WSW,1,81,7,1006,20
2013-08-06 - 1800,26,11,SW,0,90,10,1007,49
2013-08-07 - 0,25,8,WSW,0,95,2,1009,61
2013-08-07 - 300,24,6,WSW,0,96,2,1007,56
2013-08-07 - 600,25,5,W,0,91,10,1009,18
2013-08-07 - 900,30,7,WSW,0,72,10,1009,26
2013-08-07 - 1200,32,12,SW,0,64,10,1008,46
2013-08-07 - 1500,30,15,SW,0,74,10,1006,20
2013-08-07 - 1800,26,10,SW,0,89,10,1007,49
2013-08-08 - 0,25,7,SSW,0,92,10,1009,61
2013-08-08 - 300,25,6,SSW,0,93,10,1007,56
2013-08-08 - 600,26,8,S,0,90,10,1009,18
2013-08-08 - 900,30,11,SW,0,70,10,1009,26
2013-08-08 - 1200,32,12,WSW,0,65,10,1008,46
2013-08-08 - 1500,30,10,SW,1,74,10,1006,20
2013-08-08 - 1800,27,6,S,0,88,10,1007,49
2013-08-09 - 0,25,6,SSW,0,92,10,1009,61
2013-08-09 - 300,24,4,WSW,0,93,10,1007,56
2013-08-09 - 600,26,3,WSW,0,88,10,1009,18
2013-08-09 - 900,30,8,W,0,69,10,1009,26
2013-08-09 - 1200,32,9,WSW,0,61,9,1008,46
2013-08-09 - 1500,31,11,SW,0,68,10,1006,20
2013-08-09 - 1800,26,14,WSW,0,89,10,1007,49
2013-08-10 - 0,25,6,WSW,0,92,10,1009,61
2013-08-10 - 300,25,6,W,1,94,9,1007,56
2013-08-10 - 600,26,4,WNW,0,89,10,1009,18
2013-08-10 - 900,30,9,WNW,0,69,10,1009,26
2013-08-10 - 1200,32,10,W,0,60,10,1008,46
2013-08-10 - 1500,29,9,WSW,1,76,7,1006,20
2013-08-10 - 1800,26,6,SW,0,91,10,1007,49
2013-08-11 - 0,25,8,WSW,0,94,2,1009,61
2013-08-11 - 300,25,7,W,1,94,9,1007,56
2013-08-11 - 600,26,4,WNW,0,91,10,1009,18
2013-08-11 - 900,29,6,W,0,76,10,1009,26
2013-08-11 - 1200,31,10,WSW,0,66,10,1008,46
2013-08-11 - 1500,29,11,SW,1,76,7,1006,20
2013-08-11 - 1800,25,12,WSW,0,94,10,1007,49
2013-08-12 - 0,25,10,W,0,97,2,1009,61
2013-08-12 - 300,25,9,W,1,97,10,1007,56
2013-08-12 - 600,25,8,W,0,94,10,1009,18
2013-08-12 - 900,29,11,W,1,74,10,1009,26
2013-08-12 - 1200,30,14,W,0,72,10,1008,46
2013-08-12 - 1500,28,15,W,1,79,7,1006,20
2013-08-12 - 1800,26,7,W,0,90,10,1007,49
2013-08-13 - 0,25,9,SW,0,95,2,1009,61
2013-08-13 - 300,24,7,SW,0,95,5,1007,56
2013-08-13 - 600,25,6,W,0,91,10,1009,18
2013-08-13 - 900,28,12,W,0,76,5,1009,26
2013-08-13 - 1200,30,15,W,0,68,10,1008,46
2013-08-13 - 1500,28,13,W,1,81,7,1006,20
2013-08-13 - 1800,25,10,WSW,0,93,10,1007,49
2013-08-14 - 0,24,8,WSW,0,94,10,1009,61
2013-08-14 - 300,24,8,WSW,0,94,5,1007,56
2013-08-14 - 600,25,8,SW,0,90,10,1009,18
2013-08-14 - 900,29,12,W,0,73,10,1009,26
2013-08-14 - 1200,31,15,W,0,62,10,1008,46
2013-08-14 - 1500,29,10,SW,1,73,10,1006,20
2013-08-14 - 1800,26,6,SW,0,84,10,1007,49
2013-08-15 - 0,25,9,SW,0,88,10,1009,61
2013-08-15 - 300,24,7,WSW,0,91,10,1007,56
2013-08-15 - 600,26,8,SW,0,90,10,1009,18
2013-08-15 - 900,30,10,WSW,1,70,10,1009,26
2013-08-15 - 1200,32,13,WSW,0,65,10,1008,46
2013-08-15 - 1500,30,14,SW,1,70,9,1006,20
2013-08-15 - 1800,27,8,WSW,0,86,10,1007,49
2013-08-16 - 0,25,9,WSW,0,90,10,1009,61
2013-08-16 - 300,25,8,WSW,0,92,10,1007,56
2013-08-16 - 600,26,9,SW,0,88,10,1009,18
2013-08-16 - 900,30,17,WSW,0,68,10,1009,26
2013-08-16 - 1200,32,17,W,0,61,10,1008,46
2013-08-16 - 1500,30,12,WSW,1,73,7,1006,20
2013-08-16 - 1800,27,6,W,0,83,10,1007,49
2013-08-17 - 0,25,10,WSW,0,91,10,1009,61
2013-08-17 - 300,24,8,WSW,0,92,10,1007,56
2013-08-17 - 600,25,9,W,0,87,10,1009,18
2013-08-17 - 900,30,12,W,0,64,10,1009,26
2013-08-17 - 1200,33,17,W,0,52,10,1008,46
2013-08-17 - 1500,31,18,WSW,1,66,10,1006,20
2013-08-17 - 1800,27,11,WSW,0,85,10,1007,49
2013-08-18 - 0,25,12,WSW,0,90,10,1009,61
2013-08-18 - 300,24,10,WSW,0,92,10,1007,56
2013-08-18 - 600,26,13,WSW,0,87,10,1009,18
2013-08-18 - 900,31,18,W,0,63,10,1009,26
2013-08-18 - 1200,33,19,W,0,53,10,1008,46
2013-08-18 - 1500,31,15,WSW,1,64,7,1006,20
2013-08-18 - 1800,27,12,WSW,0,75,10,1007,49
2013-08-19 - 0,25,12,WSW,0,88,10,1009,61
2013-08-19 - 300,25,9,WSW,0,92,10,1007,56
2013-08-19 - 600,26,14,WSW,0,87,10,1009,18
2013-08-19 - 900,31,17,W,0,64,10,1009,26
2013-08-19 - 1200,34,17,W,0,50,10,1008,46
2013-08-19 - 1500,33,15,W,0,56,10,1006,20
2013-08-19 - 1800,28,12,SW,0,75,10,1007,49
2013-08-20 - 0,25,13,WSW,0,87,10,1009,61
2013-08-20 - 300,26,14,WSW,0,84,10,1007,56
2013-08-20 - 600,26,14,WSW,0,82,10,1009,18
2013-08-20 - 900,31,20,W,0,59,10,1009,26
2013-08-20 - 1200,34,21,W,0,48,10,1008,46
2013-08-20 - 1500,33,20,WSW,0,51,10,1006,20
2013-08-20 - 1800,28,15,SW,0,70,10,1007,49
2013-08-21 - 0,25,12,WSW,0,83,10,1009,61
2013-08-21 - 300,26,12,WSW,0,82,10,1007,56
2013-08-21 - 600,26,12,WSW,0,81,10,1009,18
2013-08-21 - 900,31,20,WSW,0,59,10,1009,26
2013-08-21 - 1200,33,19,WSW,0,52,10,1008,46
2013-08-21 - 1500,30,15,WSW,1,68,7,1006,20
2013-08-21 - 1800,26,11,SW,0,83,10,1007,49
2013-08-22 - 0,25,15,WSW,0,89,10,1009,61
2013-08-22 - 300,25,12,SW,1,90,9,1007,56
2013-08-22 - 600,26,16,WSW,0,85,10,1009,18
2013-08-22 - 900,30,22,WSW,1,63,9,1009,26
2013-08-22 - 1200,32,21,WSW,0,61,10,1008,46
2013-08-22 - 1500,30,17,WSW,1,72,7,1006,20
2013-08-22 - 1800,26,14,WSW,0,85,10,1007,49
2013-08-23 - 0,25,12,WSW,0,88,10,1009,61
2013-08-23 - 300,25,11,WSW,0,89,10,1007,56
2013-08-23 - 600,26,10,WSW,0,89,10,1009,18
2013-08-23 - 900,30,15,WSW,1,70,10,1009,26
2013-08-23 - 1200,31,17,WSW,0,67,10,1008,46
2013-08-23 - 1500,30,16,WSW,1,71,7,1006,20
2013-08-23 - 1800,26,12,WSW,0,84,10,1007,49
2013-08-24 - 0,25,11,WSW,0,90,10,1009,61
2013-08-24 - 300,24,11,SW,0,91,10,1007,56
2013-08-24 - 600,26,13,WSW,0,86,10,1009,18
2013-08-24 - 900,30,17,WSW,1,65,9,1009,26
2013-08-24 - 1200,32,18,W,0,61,10,1008,46
2013-08-24 - 1500,30,15,WSW,1,68,9,1006,20
2013-08-24 - 1800,25,11,WSW,0,88,10,1007,49
2013-08-25 - 0,24,6,SW,0,91,10,1009,61
2013-08-25 - 300,25,8,WSW,0,91,10,1007,56
2013-08-25 - 600,26,12,SW,0,90,10,1009,18
2013-08-25 - 900,29,16,SW,1,70,10,1009,26
2013-08-25 - 1200,31,15,WSW,0,67,10,1008,46
2013-08-25 - 1500,30,11,WSW,1,72,7,1006,20
2013-08-25 - 1800,26,8,SW,0,80,10,1007,49
2013-08-26 - 0,24,8,WSW,0,89,10,1009,61
2013-08-26 - 300,24,5,WSW,0,90,10,1007,56
2013-08-26 - 600,26,6,W,0,88,10,1009,18
2013-08-26 - 900,30,11,WNW,0,69,10,1009,26
2013-08-26 - 1200,32,12,WNW,0,61,10,1008,46
2013-08-26 - 1500,31,8,WNW,1,66,9,1006,20
2013-08-26 - 1800,27,5,W,0,85,10,1007,49
2013-08-27 - 0,25,9,WSW,0,90,10,1009,61
2013-08-27 - 300,24,8,WSW,0,93,10,1007,56
2013-08-27 - 600,25,8,WSW,0,89,10,1009,18
2013-08-27 - 900,29,12,W,0,72,10,1009,26
2013-08-27 - 1200,32,13,W,0,60,10,1008,46
2013-08-27 - 1500,30,16,W,1,65,9,1006,20
2013-08-27 - 1800,26,9,WNW,0,81,10,1007,49
2013-09-01 - 0,25,7,S,0,91,10,1008,56
2013-09-01 - 300,25,5,S,0,93,10,1007,40
2013-09-01 - 600,27,3,SE,0,87,10,1008,22
2013-09-01 - 900,31,5,SE,0,66,10,1008,51
2013-09-01 - 1200,33,8,SSE,0,57,10,1006,32
2013-09-01 - 1500,31,9,SSE,1,65,9,1004,38
2013-09-01 - 1800,27,7,SSE,0,82,10,1006,35
2013-09-02 - 0,25,5,SE,0,88,10,1008,56
2013-09-02 - 300,24,6,ESE,0,89,10,1007,40
2013-09-02 - 600,26,4,E,0,85,10,1008,22
2013-09-02 - 900,32,5,E,0,61,10,1008,51
2013-09-02 - 1200,34,5,SSE,0,51,10,1006,32
2013-09-02 - 1500,32,9,SE,1,60,9,1004,38
2013-09-02 - 1800,27,9,SSE,0,78,10,1006,35
2013-09-03 - 0,25,6,SSE,0,88,10,1008,56
2013-09-03 - 300,25,3,S,0,89,10,1007,40
2013-09-03 - 600,27,1,SW,0,81,10,1008,22
2013-09-03 - 900,33,2,WSW,0,59,10,1008,51
2013-09-03 - 1200,34,4,S,0,55,9,1006,32
2013-09-03 - 1500,31,8,SSE,1,67,7,1004,38
2013-09-03 - 1800,27,9,S,0,84,10,1006,35
2013-09-04 - 0,26,6,SSW,0,90,10,1008,56
2013-09-04 - 300,25,5,SSW,0,92,10,1007,40
2013-09-04 - 600,26,4,SW,0,87,10,1008,22
2013-09-04 - 900,31,6,WSW,0,66,10,1008,51
2013-09-04 - 1200,32,7,WSW,0,66,9,1006,32
2013-09-04 - 1500,30,6,SW,1,70,10,1004,38
2013-09-04 - 1800,27,3,SSW,0,86,10,1006,35
2013-09-05 - 0,26,6,SSW,0,86,10,1008,56
2013-09-05 - 300,26,4,SW,0,89,10,1007,40
2013-09-05 - 600,27,6,SSW,0,83,10,1008,22
2013-09-05 - 900,31,5,SSW,0,65,10,1008,51
2013-09-05 - 1200,33,8,SW,0,59,9,1006,32
2013-09-05 - 1500,31,8,SSW,1,67,10,1004,38
2013-09-05 - 1800,27,1,S,0,88,9,1006,35
2013-09-06 - 0,25,5,S,0,88,10,1008,56
2013-09-06 - 300,25,4,S,0,91,10,1007,40
2013-09-06 - 600,27,2,ENE,0,84,10,1008,22
2013-09-06 - 900,32,0,N,0,64,10,1008,51
2013-09-06 - 1200,33,4,W,0,61,10,1006,32
2013-09-06 - 1500,31,1,SSW,1,65,7,1004,38
2013-09-06 - 1800,27,10,SE,0,83,10,1006,35
2013-09-07 - 0,26,6,SSW,0,87,10,1008,56
2013-09-07 - 300,25,2,WSW,0,90,10,1007,40
2013-09-07 - 600,26,5,NE,0,86,10,1008,22
2013-09-07 - 900,31,5,NE,0,67,10,1008,51
2013-09-07 - 1200,34,1,NE,0,55,10,1006,32
2013-09-07 - 1500,31,10,SSE,1,69,7,1004,38
2013-09-07 - 1800,26,5,S,0,90,10,1006,35
2013-09-08 - 0,25,2,E,0,90,10,1008,56
2013-09-08 - 300,24,4,E,0,92,10,1007,40
2013-09-08 - 600,26,5,NE,0,88,10,1008,22
2013-09-08 - 900,31,4,ENE,0,69,10,1008,51
2013-09-08 - 1200,32,4,SSE,0,62,10,1006,32
2013-09-08 - 1500,30,10,SSE,1,73,7,1004,38
2013-09-08 - 1800,26,8,SSE,0,86,10,1006,35
2013-09-09 - 0,25,6,SE,0,90,10,1008,56
2013-09-09 - 300,24,6,SE,0,90,10,1007,40
2013-09-09 - 600,26,2,ESE,0,86,10,1008,22
2013-09-09 - 900,31,1,ESE,0,67,10,1008,51
2013-09-09 - 1200,31,5,ESE,0,63,10,1006,32
2013-09-09 - 1500,30,10,ESE,0,72,10,1004,38
2013-09-09 - 1800,26,7,SE,0,85,10,1006,35
2013-09-10 - 0,25,4,SSE,0,90,10,1008,56
2013-09-10 - 300,24,3,S,0,92,10,1007,40
2013-09-10 - 600,26,4,NNE,0,85,10,1008,22
2013-09-10 - 900,31,2,ESE,0,65,10,1008,51
2013-09-10 - 1200,32,5,SE,0,61,10,1006,32
2013-09-10 - 1500,30,8,SSE,1,69,10,1004,38
2013-09-10 - 1800,26,10,S,0,85,10,1006,35
2013-09-11 - 0,25,3,S,0,92,10,1008,56
2013-09-11 - 300,24,3,NE,0,92,10,1007,40
2013-09-11 - 600,26,1,SSE,0,87,10,1008,22
2013-09-11 - 900,30,4,S,0,67,10,1008,51
2013-09-11 - 1200,32,10,S,0,62,10,1006,32
2013-09-11 - 1500,30,15,S,1,72,10,1004,38
2013-09-11 - 1800,26,7,SSW,0,89,10,1006,35
2013-09-12 - 0,25,6,SSW,0,92,10,1008,56
2013-09-12 - 300,25,5,SSW,0,92,10,1007,40
2013-09-12 - 600,25,4,S,0,92,10,1008,22
2013-09-12 - 900,27,6,SSW,0,86,10,1008,51
2013-09-12 - 1200,29,12,SSW,0,78,9,1006,32
2013-09-12 - 1500,28,12,SSW,1,83,10,1004,38
2013-09-12 - 1800,26,6,S,0,93,10,1006,35
2013-09-13 - 0,25,5,S,0,95,2,1008,56
2013-09-13 - 300,24,5,S,0,95,2,1007,40
2013-09-13 - 600,25,9,SW,0,92,10,1008,22
2013-09-13 - 900,30,11,WSW,0,71,10,1008,51
2013-09-13 - 1200,32,11,WSW,0,66,10,1006,32
2013-09-13 - 1500,30,8,SW,1,75,7,1004,38
2013-09-13 - 1800,27,8,WNW,0,89,10,1006,35
2013-09-14 - 0,25,6,WSW,0,95,2,1008,56
2013-09-14 - 300,25,7,WSW,1,96,9,1007,40
2013-09-14 - 600,26,6,WSW,0,93,10,1008,22
2013-09-14 - 900,28,12,WSW,1,79,10,1008,51
2013-09-14 - 1200,30,16,WSW,0,73,10,1006,32
2013-09-14 - 1500,27,11,WSW,1,89,3,1004,38
2013-09-14 - 1800,25,8,W,0,94,10,1006,35
2013-09-15 - 0,24,7,SW,0,94,10,1008,56
2013-09-15 - 300,24,4,WSW,0,94,2,1007,40
2013-09-15 - 600,25,8,W,0,92,10,1008,22
2013-09-15 - 900,29,13,W,0,74,10,1008,51
2013-09-15 - 1200,31,13,W,0,64,10,1006,32
2013-09-15 - 1500,30,12,W,1,72,10,1004,38
2013-09-15 - 1800,26,12,W,0,88,10,1006,35
2013-09-16 - 0,25,9,W,0,92,10,1008,56
2013-09-16 - 300,24,8,W,0,93,10,1007,40
2013-09-16 - 600,25,8,W,0,93,10,1008,22
2013-09-16 - 900,27,15,WNW,0,76,10,1008,51
2013-09-16 - 1200,29,14,W,0,67,10,1006,32
2013-09-16 - 1500,30,13,WNW,0,65,10,1004,38
2013-09-16 - 1800,26,7,W,0,82,10,1006,35
2013-09-17 - 0,25,11,SW,0,93,10,1008,56
2013-09-17 - 300,24,11,W,1,93,10,1007,40
2013-09-17 - 600,25,12,W,0,91,10,1008,22
2013-09-17 - 900,27,14,W,1,86,9,1008,51
2013-09-17 - 1200,28,15,W,0,76,10,1006,32
2013-09-17 - 1500,26,10,W,1,88,7,1004,38
2013-09-17 - 1800,25,9,WSW,0,93,10,1006,35
2013-09-18 - 0,24,11,W,0,96,2,1008,56
2013-09-18 - 300,24,12,W,0,95,2,1007,40
2013-09-18 - 600,24,11,W,0,94,10,1008,22
2013-09-18 - 900,27,18,WNW,0,81,5,1008,51
2013-09-18 - 1200,28,20,WNW,0,72,10,1006,32
2013-09-18 - 1500,27,18,W,0,76,10,1004,38
2013-09-18 - 1800,25,14,WNW,0,90,10,1006,35
2013-09-19 - 0,24,7,W,0,92,10,1008,56
2013-09-19 - 300,24,12,WSW,1,92,9,1007,40
2013-09-19 - 600,25,15,W,0,88,10,1008,22
2013-09-19 - 900,29,22,W,1,72,10,1008,51
2013-09-19 - 1200,31,19,W,0,66,10,1006,32
2013-09-19 - 1500,29,16,WSW,1,77,7,1004,38
2013-09-19 - 1800,25,14,WSW,0,93,10,1006,35
2013-09-20 - 0,24,12,SW,0,94,10,1008,56
2013-09-20 - 300,24,13,SW,0,94,5,1007,40
2013-09-20 - 600,25,9,WSW,0,93,10,1008,22
2013-09-20 - 900,30,20,WSW,1,72,10,1008,51
2013-09-20 - 1200,30,17,WSW,0,71,10,1006,32
2013-09-20 - 1500,29,13,WSW,0,77,10,1004,38
2013-09-20 - 1800,26,10,SW,0,89,10,1006,35
2013-09-21 - 0,25,11,SW,0,95,2,1008,56
2013-09-21 - 300,24,9,WSW,0,96,2,1007,40
2013-09-21 - 600,25,9,WSW,0,92,10,1008,22
2013-09-21 - 900,26,14,WSW,1,86,9,1008,51
2013-09-21 - 1200,27,18,W,0,82,10,1006,32
2013-09-21 - 1500,26,12,W,1,89,9,1004,38
2013-09-21 - 1800,25,8,SW,0,94,10,1006,35
2013-09-22 - 0,24,7,SSW,0,95,2,1008,56
2013-09-22 - 300,23,7,SW,0,96,2,1007,40
2013-09-22 - 600,25,8,SW,0,91,10,1008,22
2013-09-22 - 900,29,19,WSW,1,77,10,1008,51
2013-09-22 - 1200,31,21,W,0,69,10,1006,32
2013-09-22 - 1500,29,14,WSW,1,78,7,1004,38
2013-09-22 - 1800,26,13,WSW,0,89,10,1006,35
2013-09-23 - 0,24,12,WSW,0,93,10,1008,56
2013-09-23 - 300,24,11,WSW,0,94,10,1007,40
2013-09-23 - 600,26,16,WSW,0,89,10,1008,22
2013-09-23 - 900,30,23,WSW,1,70,10,1008,51
2013-09-23 - 1200,31,20,W,0,70,10,1006,32
2013-09-23 - 1500,29,13,W,1,79,10,1004,38
2013-09-23 - 1800,26,10,WSW,0,85,10,1006,35
2013-09-24 - 0,25,9,WSW,0,91,10,1008,56
2013-09-24 - 300,24,8,SW,0,93,10,1007,40
2013-09-24 - 600,26,9,SW,0,90,10,1008,22
2013-09-24 - 900,29,16,WSW,1,74,10,1008,51
2013-09-24 - 1200,31,15,WSW,0,69,10,1006,32
2013-09-24 - 1500,28,10,SSW,1,83,7,1004,38
2013-09-24 - 1800,26,10,WSW,0,88,10,1006,35
2013-09-25 - 0,25,7,WSW,0,94,2,1008,56
2013-09-25 - 300,25,6,WSW,1,95,10,1007,40
2013-09-25 - 600,26,11,WSW,0,91,10,1008,22
2013-09-25 - 900,29,15,WSW,1,74,10,1008,51
2013-09-25 - 1200,31,14,WSW,0,68,10,1006,32
2013-09-25 - 1500,30,9,WSW,1,74,7,1004,38
2013-09-25 - 1800,26,9,W,0,84,10,1006,35
2013-09-26 - 0,25,10,WSW,0,91,10,1008,56
2013-09-26 - 300,25,8,WSW,0,93,10,1007,40
2013-09-26 - 600,26,10,W,0,90,10,1008,22
2013-09-26 - 900,30,15,WNW,0,69,10,1008,51
2013-09-26 - 1200,30,15,WNW,0,64,10,1006,32
2013-09-26 - 1500,27,10,NW,1,81,9,1004,38
2013-09-26 - 1800,26,4,W,0,90,10,1006,35
2013-09-27 - 0,25,3,WSW,0,94,10,1008,56
2013-09-27 - 300,25,4,W,1,96,6,1007,40
2013-09-27 - 600,25,9,WNW,0,95,2,1008,22
2013-09-27 - 900,29,12,WNW,0,77,10,1008,51
2013-09-27 - 1200,31,14,WNW,0,69,10,1006,32
2013-09-27 - 1500,29,8,WNW,1,81,7,1004,38
2013-09-27 - 1800,26,6,W,0,90,10,1006,35
2013-10-01 - 0,24,9,SW,0,95,2,1011,54
2013-10-01 - 300,23,5,W,0,96,2,1009,17
2013-10-01 - 600,26,6,W,0,90,10,1011,11
2013-10-01 - 900,30,8,W,1,71,9,1010,27
2013-10-01 - 1200,31,8,W,0,63,10,1008,19
2013-10-01 - 1500,29,7,SSW,1,75,7,1007,33
2013-10-01 - 1800,25,12,WSW,0,91,10,1008,44
2013-10-02 - 0,24,8,W,0,97,2,1011,54
2013-10-02 - 300,25,10,W,1,97,7,1009,17
2013-10-02 - 600,25,10,WSW,0,97,2,1011,11
2013-10-02 - 900,27,14,WNW,1,87,8,1010,27
2013-10-02 - 1200,30,15,NW,0,67,10,1008,19
2013-10-02 - 1500,27,9,WNW,0,79,5,1007,33
2013-10-02 - 1800,25,9,WNW,0,90,10,1008,44
2013-10-03 - 0,24,6,W,0,98,0,1011,54
2013-10-03 - 300,24,6,W,1,98,10,1009,17
2013-10-03 - 600,25,9,SW,0,93,10,1011,11
2013-10-03 - 900,29,14,WSW,1,74,9,1010,27
2013-10-03 - 1200,30,18,W,0,74,10,1008,19
2013-10-03 - 1500,27,16,W,1,84,7,1007,33
2013-10-03 - 1800,25,8,WSW,0,93,10,1008,44
2013-10-04 - 0,24,7,WSW,0,96,2,1011,54
2013-10-04 - 300,24,6,WSW,1,95,10,1009,17
2013-10-04 - 600,25,9,SW,0,91,10,1011,11
2013-10-04 - 900,29,12,WSW,1,74,10,1010,27
2013-10-04 - 1200,31,14,WSW,0,67,10,1008,19
2013-10-04 - 1500,29,10,WSW,1,78,7,1007,33
2013-10-04 - 1800,25,6,SSW,0,89,10,1008,44
2013-10-05 - 0,24,8,S,0,94,10,1011,54
2013-10-05 - 300,23,6,S,0,95,2,1009,17
2013-10-05 - 600,25,6,SSE,0,91,10,1011,11
2013-10-05 - 900,30,8,S,1,74,10,1010,27
2013-10-05 - 1200,30,14,SSE,0,70,10,1008,19
2013-10-05 - 1500,27,15,S,1,86,7,1007,33
2013-10-05 - 1800,25,8,SSW,0,95,2,1008,44
2013-10-06 - 0,24,7,SSE,0,97,0,1011,54
2013-10-06 - 300,24,8,S,1,96,7,1009,17
2013-10-06 - 600,26,4,SE,0,94,10,1011,11
2013-10-06 - 900,29,9,SSE,1,78,10,1010,27
2013-10-06 - 1200,29,15,SSE,0,75,10,1008,19
2013-10-06 - 1500,26,13,S,1,89,10,1007,33
2013-10-06 - 1800,25,6,SSE,0,95,2,1008,44
2013-10-07 - 0,24,6,SSE,0,97,2,1011,54
2013-10-07 - 300,24,5,SSE,0,97,2,1009,17
2013-10-07 - 600,25,5,E,0,94,10,1011,11
2013-10-07 - 900,29,9,SSE,1,76,10,1010,27
2013-10-07 - 1200,30,12,S,0,73,10,1008,19
2013-10-07 - 1500,28,12,S,1,82,7,1007,33
2013-10-07 - 1800,25,8,SSE,0,92,10,1008,44
2013-10-08 - 0,24,5,SSW,0,96,2,1011,54
2013-10-08 - 300,24,5,SSW,0,97,2,1009,17
2013-10-08 - 600,25,1,SSE,0,92,10,1011,11
2013-10-08 - 900,30,4,SW,1,75,10,1010,27
2013-10-08 - 1200,31,6,SW,0,68,10,1008,19
2013-10-08 - 1500,29,9,S,1,79,7,1007,33
2013-10-08 - 1800,25,6,SSW,0,91,10,1008,44
2013-10-09 - 0,24,8,WSW,0,93,10,1011,54
2013-10-09 - 300,24,5,W,1,96,10,1009,17
2013-10-09 - 600,25,8,WNW,0,92,10,1011,11
2013-10-09 - 900,29,10,W,1,75,9,1010,27
2013-10-09 - 1200,30,12,W,0,72,10,1008,19
2013-10-09 - 1500,28,7,NW,1,82,10,1007,33
2013-10-09 - 1800,25,4,NW,0,92,10,1008,44
2013-10-10 - 0,24,1,NNW,0,94,2,1011,54
2013-10-10 - 300,23,2,NE,0,96,2,1009,17
2013-10-10 - 600,26,2,ENE,0,89,10,1011,11
2013-10-10 - 900,31,3,NNW,1,72,9,1010,27
2013-10-10 - 1200,31,1,NNW,0,71,10,1008,19
2013-10-10 - 1500,29,3,ESE,1,78,7,1007,33
2013-10-10 - 1800,25,5,SE,0,93,10,1008,44
2013-10-11 - 0,24,4,ESE,0,94,10,1011,54
2013-10-11 - 300,23,2,ESE,0,95,2,1009,17
2013-10-11 - 600,26,3,E,0,85,10,1011,11
2013-10-11 - 900,30,3,N,0,70,10,1010,27
2013-10-11 - 1200,32,2,W,0,63,10,1008,19
2013-10-11 - 1500,30,2,SSE,1,71,9,1007,33
2013-10-11 - 1800,26,3,SSE,0,88,10,1008,44
2013-10-12 - 0,24,4,S,0,93,10,1011,54
2013-10-12 - 300,24,4,SSW,0,95,2,1009,17
2013-10-12 - 600,26,1,SW,0,91,10,1011,11
2013-10-12 - 900,30,4,NNW,1,74,10,1010,27
2013-10-12 - 1200,31,4,NW,0,68,10,1008,19
2013-10-12 - 1500,30,6,S,1,75,9,1007,33
2013-10-12 - 1800,26,9,S,0,90,10,1008,44
2013-10-13 - 0,24,6,SSW,0,91,10,1011,54
2013-10-13 - 300,24,4,SW,1,94,10,1009,17
2013-10-13 - 600,26,0,NE,0,87,10,1011,11
2013-10-13 - 900,30,4,NNW,1,73,9,1010,27
2013-10-13 - 1200,31,5,NW,0,69,10,1008,19
2013-10-13 - 1500,30,3,N,1,73,10,1007,33
2013-10-13 - 1800,26,8,SW,0,87,10,1008,44
2013-10-14 - 0,25,6,W,0,91,10,1011,54
2013-10-14 - 300,24,8,W,0,93,10,1009,17
2013-10-14 - 600,26,7,WNW,0,92,10,1011,11
2013-10-14 - 900,29,11,WNW,1,76,9,1010,27
2013-10-14 - 1200,31,12,WNW,0,67,10,1008,19
2013-10-14 - 1500,30,9,W,1,73,9,1007,33
2013-10-14 - 1800,27,9,SW,0,82,10,1008,44
2013-10-15 - 0,25,8,SW,0,94,10,1011,54
2013-10-15 - 300,24,9,SW,0,95,2,1009,17
2013-10-15 - 600,26,10,SW,0,93,10,1011,11
2013-10-15 - 900,30,16,WSW,0,73,10,1010,27
2013-10-15 - 1200,31,13,SW,0,68,10,1008,19
2013-10-15 - 1500,29,9,SW,1,82,9,1007,33
2013-10-15 - 1800,26,15,S,0,90,10,1008,44
2013-10-16 - 0,24,9,S,0,95,2,1011,54
2013-10-16 - 300,24,9,SSW,1,97,7,1009,17
2013-10-16 - 600,26,10,S,0,93,10,1011,11
2013-10-16 - 900,30,12,S,0,71,10,1010,27
2013-10-16 - 1200,31,13,S,0,66,10,1008,19
2013-10-16 - 1500,29,12,SSE,1,74,9,1007,33
2013-10-16 - 1800,25,8,SE,0,91,10,1008,44
2013-10-17 - 0,24,8,ESE,0,92,10,1011,54
2013-10-17 - 300,24,8,ESE,0,93,10,1009,17
2013-10-17 - 600,25,7,E,0,88,10,1011,11
2013-10-17 - 900,30,8,ESE,0,69,10,1010,27
2013-10-17 - 1200,32,9,SE,0,66,10,1008,19
2013-10-17 - 1500,29,13,SE,0,75,10,1007,33
2013-10-17 - 1800,26,8,SE,0,91,10,1008,44
2013-10-18 - 0,24,6,ESE,0,94,2,1011,54
2013-10-18 - 300,24,6,ENE,0,96,2,1009,17
2013-10-18 - 600,25,8,ENE,0,91,10,1011,11
2013-10-18 - 900,30,8,NE,0,72,10,1010,27
2013-10-18 - 1200,31,1,ENE,0,68,10,1008,19
2013-10-18 - 1500,29,5,ESE,1,76,7,1007,33
2013-10-18 - 1800,26,2,SE,0,87,10,1008,44
2013-10-19 - 0,25,4,NW,0,93,10,1011,54
2013-10-19 - 300,24,4,NNE,0,95,2,1009,17
2013-10-19 - 600,26,4,N,0,90,10,1011,11
2013-10-19 - 900,31,3,NNW,1,73,10,1010,27
2013-10-19 - 1200,31,3,N,0,70,9,1008,19
2013-10-19 - 1500,30,1,ESE,1,73,10,1007,33
2013-10-19 - 1800,26,6,S,0,90,10,1008,44
2013-10-20 - 0,25,3,W,0,94,10,1011,54
2013-10-20 - 300,24,5,NNW,0,95,2,1009,17
2013-10-20 - 600,25,7,NNE,0,92,10,1011,11
2013-10-20 - 900,30,3,ENE,1,72,9,1010,27
2013-10-20 - 1200,32,5,SSE,0,65,10,1008,19
2013-10-20 - 1500,30,8,SSE,1,74,9,1007,33
2013-10-20 - 1800,26,6,SE,0,88,10,1008,44
2013-10-21 - 0,25,4,NNE,0,91,10,1011,54
2013-10-21 - 300,24,7,N,0,94,10,1009,17
2013-10-21 - 600,25,7,N,0,90,10,1011,11
2013-10-21 - 900,31,2,E,0,69,10,1010,27
2013-10-21 - 1200,31,4,S,0,65,10,1008,19
2013-10-21 - 1500,30,5,SSE,1,69,9,1007,33
2013-10-21 - 1800,26,5,SSE,0,85,10,1008,44
2013-10-22 - 0,24,2,WSW,0,93,10,1011,54
2013-10-22 - 300,24,6,NW,0,93,10,1009,17
2013-10-22 - 600,25,9,N,0,89,10,1011,11
2013-10-22 - 900,30,4,NNE,1,70,9,1010,27
2013-10-22 - 1200,32,1,SW,0,61,10,1008,19
2013-10-22 - 1500,31,4,SSE,1,68,9,1007,33
2013-10-22 - 1800,26,9,SSE,0,83,10,1008,44
2013-10-23 - 0,25,1,E,0,91,10,1011,54
2013-10-23 - 300,24,5,NNW,1,92,9,1009,17
2013-10-23 - 600,25,8,NNE,0,90,10,1011,11
2013-10-23 - 900,30,3,N,1,71,9,1010,27
2013-10-23 - 1200,32,5,WNW,0,64,10,1008,19
2013-10-23 - 1500,30,4,WSW,1,69,9,1007,33
2013-10-23 - 1800,26,6,S,0,84,10,1008,44
2013-10-24 - 0,24,4,SSW,0,90,10,1011,54
2013-10-24 - 300,23,1,W,0,94,2,1009,17
2013-10-24 - 600,26,6,NNW,0,89,10,1011,11
2013-10-24 - 900,30,8,NNW,1,71,9,1010,27
2013-10-24 - 1200,32,7,N,0,59,10,1008,19
2013-10-24 - 1500,30,5,SE,1,67,9,1007,33
2013-10-24 - 1800,25,9,SSE,0,88,10,1008,44
2013-10-25 - 0,23,5,S,0,94,10,1011,54
2013-10-25 - 300,23,2,SSE,1,94,7,1009,17
2013-10-25 - 600,25,1,W,0,86,10,1011,11
2013-10-25 - 900,30,2,W,0,67,10,1010,27
2013-10-25 - 1200,32,1,WNW,0,59,10,1008,19
2013-10-25 - 1500,30,8,SE,1,70,9,1007,33
2013-10-25 - 1800,25,11,SSE,0,92,10,1008,44
2013-10-26 - 0,23,8,E,0,94,2,1011,54
2013-10-26 - 300,23,7,ENE,0,95,2,1009,17
2013-10-26 - 600,24,7,NE,0,91,10,1011,11
2013-10-26 - 900,29,7,N,0,71,10,1010,27
2013-10-26 - 1200,31,5,N,0,61,10,1008,19
2013-10-26 - 1500,30,4,SSE,0,68,10,1007,33
2013-10-26 - 1800,25,9,SSE,0,87,10,1008,44
2013-10-27 - 0,23,5,E,0,92,10,1011,54
2013-10-27 - 300,23,6,NNE,0,94,10,1009,17
2013-10-27 - 600,25,5,NE,0,89,10,1011,11
2013-10-27 - 900,30,3,NE,0,68,10,1010,27
2013-10-27 - 1200,31,3,S,0,62,10,1008,19
2013-10-27 - 1500,30,6,SSE,1,68,9,1007,33
2013-10-27 - 1800,25,6,S,0,83,10,1008,44
2013-11-01 - 0,23,4,S,0,92,10,1009,25
2013-11-01 - 300,23,5,WSW,0,93,10,1008,30
2013-11-01 - 600,25,1,NNW,0,87,10,1009,33
2013-11-01 - 900,30,5,WNW,0,70,10,1009,20
2013-11-01 - 1200,32,4,WNW,0,65,10,1007,31
2013-11-01 - 1500,30,4,S,1,71,9,1006,24
2013-11-01 - 1800,26,7,SSE,0,85,10,1008,45
2013-11-02 - 0,24,7,SE,0,93,10,1009,25
2013-11-02 - 300,23,4,E,1,96,9,1008,30
2013-11-02 - 600,25,8,NNE,0,91,10,1009,33
2013-11-02 - 900,30,4,N,0,69,10,1009,20
2013-11-02 - 1200,32,2,W,0,58,10,1007,31
2013-11-02 - 1500,30,3,SSE,0,64,10,1006,24
2013-11-02 - 1800,25,9,SSE,0,79,10,1008,45
2013-11-03 - 0,23,5,SSE,0,90,10,1009,25
2013-11-03 - 300,22,0,SE,0,93,10,1008,30
2013-11-03 - 600,25,5,NNW,0,83,10,1009,33
2013-11-03 - 900,30,5,NNW,0,66,10,1009,20
2013-11-03 - 1200,32,3,NW,0,55,10,1007,31
2013-11-03 - 1500,31,1,N,0,61,10,1006,24
2013-11-03 - 1800,25,6,SE,0,79,10,1008,45
2013-11-04 - 0,23,4,SSE,0,90,10,1009,25
2013-11-04 - 300,23,0,SW,0,94,10,1008,30
2013-11-04 - 600,25,5,N,0,83,10,1009,33
2013-11-04 - 900,30,6,NW,0,67,10,1009,20
2013-11-04 - 1200,32,6,NW,0,59,10,1007,31
2013-11-04 - 1500,31,3,N,1,62,9,1006,24
2013-11-04 - 1800,26,4,SSE,0,83,10,1008,45
2013-11-05 - 0,23,1,S,0,91,10,1009,25
2013-11-05 - 300,23,4,NW,0,91,10,1008,30
2013-11-05 - 600,25,4,N,0,85,10,1009,33
2013-11-05 - 900,30,5,NNW,0,66,10,1009,20
2013-11-05 - 1200,32,4,NNE,0,57,10,1007,31
2013-11-05 - 1500,31,5,SE,0,62,10,1006,24
2013-11-05 - 1800,26,8,SSE,0,82,10,1008,45
2013-11-06 - 0,24,3,WNW,0,90,10,1009,25
2013-11-06 - 300,24,6,NW,0,91,10,1008,30
2013-11-06 - 600,25,4,NNE,0,86,10,1009,33
2013-11-06 - 900,30,6,NNW,0,70,10,1009,20
2013-11-06 - 1200,32,6,NW,0,61,10,1007,31
2013-11-06 - 1500,30,8,N,1,72,10,1006,24
2013-11-06 - 1800,26,4,NNE,0,90,10,1008,45
2013-11-07 - 0,24,6,N,0,95,2,1009,25
2013-11-07 - 300,23,8,NW,1,96,8,1008,30
2013-11-07 - 600,24,11,NW,0,95,2,1009,33
2013-11-07 - 900,26,4,NNE,1,86,9,1009,20
2013-11-07 - 1200,27,11,ENE,0,82,10,1007,31
2013-11-07 - 1500,27,10,ENE,0,83,10,1006,24
2013-11-07 - 1800,24,8,E,0,92,10,1008,45
2013-11-08 - 0,23,6,NE,0,94,2,1009,25
2013-11-08 - 300,23,5,NNE,0,96,2,1008,30
2013-11-08 - 600,25,9,E,0,89,10,1009,33
2013-11-08 - 900,30,9,E,0,70,10,1009,20
2013-11-08 - 1200,32,7,ESE,0,61,10,1007,31
2013-11-08 - 1500,31,4,SE,0,67,10,1006,24
2013-11-08 - 1800,26,10,S,0,84,10,1008,45
2013-11-09 - 0,24,7,W,0,94,2,1009,25
2013-11-09 - 300,23,8,NW,0,95,2,1008,30
2013-11-09 - 600,24,8,WNW,0,92,10,1009,33
2013-11-09 - 900,29,10,NNW,0,71,10,1009,20
2013-11-09 - 1200,30,6,NW,0,63,10,1007,31
2013-11-09 - 1500,30,9,NW,0,66,10,1006,24
2013-11-09 - 1800,26,9,W,0,78,10,1008,45
2013-11-10 - 0,25,9,NW,0,85,10,1009,25
2013-11-10 - 300,24,8,WNW,0,90,10,1008,30
2013-11-10 - 600,25,6,W,0,88,10,1009,33
2013-11-10 - 900,30,9,W,0,71,10,1009,20
2013-11-10 - 1200,32,6,WSW,0,60,10,1007,31
2013-11-10 - 1500,31,7,S,0,68,10,1006,24
2013-11-10 - 1800,26,10,SSE,0,87,10,1008,45
2013-11-11 - 0,24,6,S,0,95,2,1009,25
2013-11-11 - 300,23,4,SSE,0,97,0,1008,30
2013-11-11 - 600,26,3,SE,0,90,10,1009,33
2013-11-11 - 900,30,4,SSE,0,71,10,1009,20
2013-11-11 - 1200,31,7,SSE,0,66,10,1007,31
2013-11-11 - 1500,30,10,SSE,1,75,9,1006,24
2013-11-11 - 1800,26,10,SSE,0,91,10,1008,45
2013-11-12 - 0,24,7,SE,0,95,2,1009,25
2013-11-12 - 300,24,6,ESE,0,95,2,1008,30
2013-11-12 - 600,25,8,ESE,0,90,10,1009,33
2013-11-12 - 900,30,7,E,0,69,10,1009,20
2013-11-12 - 1200,33,6,SE,0,60,10,1007,31
2013-11-12 - 1500,30,7,SSE,1,71,7,1006,24
2013-11-12 - 1800,26,9,SE,0,87,10,1008,45
2013-11-13 - 0,24,8,SE,0,94,10,1009,25
2013-11-13 - 300,24,7,E,1,96,9,1008,30
2013-11-13 - 600,26,5,ENE,0,89,10,1009,33
2013-11-13 - 900,30,6,N,1,72,9,1009,20
2013-11-13 - 1200,31,3,NNE,0,65,10,1007,31
2013-11-13 - 1500,30,6,SE,1,70,9,1006,24
2013-11-13 - 1800,26,15,SE,0,85,10,1008,45
2013-11-14 - 0,24,4,SE,0,90,10,1009,25
2013-11-14 - 300,24,5,N,0,90,10,1008,30
2013-11-14 - 600,25,9,N,0,89,10,1009,33
2013-11-14 - 900,29,10,NW,0,72,10,1009,20
2013-11-14 - 1200,31,9,NW,0,62,10,1007,31
2013-11-14 - 1500,31,4,NNW,0,64,10,1006,24
2013-11-14 - 1800,27,2,NE,0,78,10,1008,45
2013-11-15 - 0,24,3,SW,0,88,10,1009,25
2013-11-15 - 300,23,8,NNW,1,92,9,1008,30
2013-11-15 - 600,23,8,NNW,0,96,2,1009,33
2013-11-15 - 900,24,10,NNW,1,92,8,1009,20
2013-11-15 - 1200,26,5,NW,0,88,10,1007,31
2013-11-15 - 1500,25,4,WNW,1,90,9,1006,24
2013-11-15 - 1800,24,12,NE,0,96,2,1008,45
2013-11-16 - 0,23,6,E,0,97,0,1009,25
2013-11-16 - 300,23,7,ENE,0,97,0,1008,30
2013-11-16 - 600,24,9,ENE,0,93,10,1009,33
2013-11-16 - 900,29,13,E,0,72,10,1009,20
2013-11-16 - 1200,32,14,ESE,0,60,10,1007,31
2013-11-16 - 1500,31,10,ESE,0,66,10,1006,24
2013-11-16 - 1800,25,6,SE,0,87,10,1008,45
2013-11-17 - 0,25,4,NNE,0,88,10,1009,25
2013-11-17 - 300,24,4,NNW,0,92,10,1008,30
2013-11-17 - 600,25,5,NNE,0,89,10,1009,33
2013-11-17 - 900,30,4,NE,0,72,10,1009,20
2013-11-17 - 1200,32,4,E,0,59,10,1007,31
2013-11-17 - 1500,30,6,ESE,1,65,9,1006,24
2013-11-17 - 1800,26,7,ESE,0,84,10,1008,45
2013-11-18 - 0,24,5,ENE,0,90,10,1009,25
2013-11-18 - 300,23,7,NNE,0,91,10,1008,30
2013-11-18 - 600,24,9,NNE,0,89,10,1009,33
2013-11-18 - 900,29,6,NE,0,69,10,1009,20
2013-11-18 - 1200,32,4,NNE,0,57,10,1007,31
2013-11-18 - 1500,30,3,ESE,1,67,9,1006,24
2013-11-18 - 1800,25,4,ENE,0,83,10,1008,45
2013-11-19 - 0,23,10,NE,0,90,10,1009,25
2013-11-19 - 300,23,8,NNE,0,90,10,1008,30
2013-11-19 - 600,24,12,NE,0,86,10,1009,33
2013-11-19 - 900,29,8,NE,0,65,10,1009,20
2013-11-19 - 1200,32,8,NE,0,57,10,1007,31
2013-11-19 - 1500,30,5,NNE,1,67,9,1006,24
2013-11-19 - 1800,25,5,NE,0,82,10,1008,45
2013-11-20 - 0,23,7,NE,0,85,10,1009,25
2013-11-20 - 300,22,7,NNE,0,87,10,1008,30
2013-11-20 - 600,24,12,NE,0,83,10,1009,33
2013-11-20 - 900,29,8,ENE,0,65,10,1009,20
2013-11-20 - 1200,31,5,SE,0,58,10,1007,31
2013-11-20 - 1500,30,5,E,1,70,9,1006,24
2013-11-20 - 1800,25,5,E,0,88,10,1008,45
2013-11-21 - 0,24,7,NE,0,88,10,1009,25
2013-11-21 - 300,23,9,NE,0,91,10,1008,30
2013-11-21 - 600,23,10,ENE,0,90,10,1009,33
2013-11-21 - 900,26,8,ENE,0,81,5,1009,20
2013-11-21 - 1200,28,13,E,0,72,10,1007,31
2013-11-21 - 1500,26,13,E,0,81,2,1006,24
2013-11-21 - 1800,24,6,E,0,92,10,1008,45
2013-11-22 - 0,23,6,E,0,94,10,1009,25
2013-11-22 - 300,23,9,NE,0,94,2,1008,30
2013-11-22 - 600,24,6,ENE,0,91,10,1009,33
2013-11-22 - 900,28,9,ENE,0,71,10,1009,20
2013-11-22 - 1200,31,12,E,0,61,10,1007,31
2013-11-22 - 1500,30,10,ESE,1,68,9,1006,24
2013-11-22 - 1800,25,5,ESE,0,88,10,1008,45
2013-11-23 - 0,24,6,ENE,0,90,10,1009,25
2013-11-23 - 300,23,6,NE,0,90,10,1008,30
2013-11-23 - 600,25,8,E,0,86,10,1009,33
2013-11-23 - 900,30,11,E,0,65,10,1009,20
2013-11-23 - 1200,32,12,ESE,0,56,10,1007,31
2013-11-23 - 1500,30,12,SE,0,65,10,1006,24
2013-11-23 - 1800,26,11,ESE,0,78,10,1008,45
2013-11-24 - 0,24,8,E,0,86,10,1009,25
2013-11-24 - 300,23,7,ENE,0,88,10,1008,30
2013-11-24 - 600,25,6,ENE,0,82,10,1009,33
2013-11-24 - 900,30,3,ENE,0,66,10,1009,20
2013-11-24 - 1200,32,4,SSE,0,60,10,1007,31
2013-11-24 - 1500,30,8,SE,1,68,7,1006,24
2013-11-24 - 1800,26,8,S,0,85,10,1008,45
2013-11-25 - 0,24,2,SW,0,93,10,1009,25
2013-11-25 - 300,23,3,NW,0,95,2,1008,30
2013-11-25 - 600,25,9,NNE,0,89,10,1009,33
2013-11-25 - 900,30,5,NNE,0,69,10,1009,20
2013-11-25 - 1200,32,4,ENE,0,61,10,1007,31
2013-11-25 - 1500,29,10,SSE,1,73,7,1006,24
2013-11-25 - 1800,25,10,SSE,0,89,10,1008,45
2013-11-26 - 0,24,4,SSW,0,94,2,1009,25
2013-11-26 - 300,24,4,NW,0,96,2,1008,30
2013-11-26 - 600,25,10,N,0,90,10,1009,33
2013-11-26 - 900,30,4,N,0,70,10,1009,20
2013-11-26 - 1200,32,2,NNW,0,60,10,1007,31
2013-11-26 - 1500,29,1,SE,1,74,3,1006,24
2013-11-26 - 1800,26,3,SE,0,86,10,1008,45
2013-11-27 - 0,25,2,S,0,90,10,1009,25
2013-11-27 - 300,25,2,SE,1,91,9,1008,30
2013-11-27 - 600,26,12,ENE,0,89,10,1009,33
2013-11-27 - 900,30,14,E,0,70,10,1009,20
2013-11-27 - 1200,32,12,ESE,0,59,10,1007,31
2013-11-27 - 1500,30,11,ESE,1,72,7,1006,24
2013-11-27 - 1800,26,6,E,0,89,10,1008,45
